i,t,y
10011,2022-06-30,48.0
10011,2022-07-14,48.0
10011,2022-07-28,24.0
10011,2022-09-07,24.0
10011,2022-10-06,24.0
10011,2022-10-13,48.0
10011,2022-11-23,24.0
10011,2022-12-07,48.0
10011,2022-12-21,48.0
10011,2023-03-02,72.0
10011,2023-04-26,48.0
10041,2022-06-30,72.0
10041,2022-07-06,72.0
10041,2022-07-21,24.0
10041,2022-08-10,120.0
10041,2022-09-15,48.0
10041,2022-09-21,72.0
10041,2022-10-13,48.0
10041,2022-12-21,120.0
10041,2023-01-19,72.0
10041,2023-02-15,24.0
10041,2023-03-02,120.0
10041,2023-05-04,72.0
10041,2023-06-08,24.0
10041,2023-06-15,48.0
10041,2023-06-22,48.0
10041,2023-06-29,24.0
10061,2022-06-30,120.0
10061,2022-07-06,120.0
10061,2022-11-25,240.0
10061,2022-12-21,48.0
10061,2023-02-08,48.0
10061,2023-02-15,24.0
10061,2023-03-02,120.0
10061,2023-04-26,120.0
10061,2023-06-08,24.0
10061,2023-07-06,48.0
10061,2023-07-12,72.0
10072,2022-07-06,0.0
10072,2022-07-14,0.0
10072,2022-07-21,0.0
10072,2022-08-03,0.0
10072,2022-08-18,0.0
10072,2022-08-24,0.0
10072,2022-12-07,0.0
10072,2022-12-21,0.0
10072,2023-01-12,0.0
10072,2023-01-19,0.0
10072,2023-02-08,0.0
10072,2023-02-22,0.0
10072,2023-03-13,0.0
10072,2023-04-04,0.0
10072,2023-05-04,0.0
10072,2023-05-17,0.0
10072,2023-05-24,0.0
10072,2023-06-15,0.0
10072,2023-06-22,0.0
10072,2023-06-29,0.0
10072,2023-07-12,0.0
10081,2022-06-30,120.0
10081,2022-07-06,480.0
10081,2022-07-21,72.0
10081,2022-07-28,144.0
10081,2022-08-03,240.0
10081,2022-09-07,24.0
10081,2022-09-15,96.0
10081,2022-10-06,240.0
10081,2022-10-26,72.0
10081,2022-11-16,120.0
10081,2022-11-30,72.0
10081,2022-12-07,120.0
10081,2022-12-14,48.0
10081,2022-12-21,120.0
10081,2023-01-05,24.0
10081,2023-01-12,120.0
10081,2023-01-30,48.0
10081,2023-02-08,72.0
10081,2023-03-02,360.0
10081,2023-04-26,72.0
10081,2023-05-24,48.0
10081,2023-06-08,48.0
10081,2023-06-15,48.0
10081,2023-06-29,24.0
10081,2023-07-06,24.0
10081,2023-07-12,48.0
11,2022-06-30,192.0
11,2022-07-06,24.0
11,2022-07-14,240.0
11,2022-07-21,168.0
11,2022-07-28,48.0
11,2022-08-03,288.0
11,2022-08-18,240.0
11,2022-08-24,240.0
11,2022-08-31,168.0
11,2022-09-07,168.0
11,2022-09-15,120.0
11,2022-09-21,168.0
11,2022-09-28,48.0
11,2022-10-06,120.0
11,2022-10-13,240.0
11,2022-10-19,120.0
11,2022-10-26,72.0
11,2022-11-02,24.0
11,2022-11-09,192.0
11,2022-11-16,24.0
11,2022-11-23,120.0
11,2022-11-30,120.0
11,2022-12-07,24.0
11,2022-12-14,168.0
11,2022-12-21,120.0
11,2023-01-05,120.0
11,2023-01-12,360.0
11,2023-01-30,72.0
11,2023-02-02,168.0
11,2023-02-08,240.0
11,2023-02-15,144.0
11,2023-02-22,48.0
11,2023-03-02,144.0
11,2023-03-08,144.0
11,2023-03-13,144.0
11,2023-03-22,168.0
11,2023-03-29,72.0
11,2023-04-04,120.0
11,2023-04-11,144.0
11,2023-04-19,120.0
11,2023-05-04,120.0
11,2023-05-11,96.0
11,2023-05-17,96.0
11,2023-05-24,240.0
11,2023-06-01,72.0
11,2023-06-08,120.0
11,2023-06-15,72.0
11,2023-06-22,240.0
11,2023-06-29,120.0
11,2023-07-06,120.0
11,2023-07-12,168.0
11,2023-07-20,168.0
11,2023-07-27,144.0
170011,2023-02-09,50.0
170031,2022-11-10,50.0
170031,2022-11-24,50.0
170031,2022-12-28,50.0
170031,2023-06-02,50.0
170071,2022-07-06,150.0
170071,2022-08-10,60.0
170071,2022-08-22,60.0
170071,2022-09-07,60.0
170071,2022-09-16,90.0
170071,2022-10-07,60.0
170071,2022-11-18,90.0
170071,2022-12-14,90.0
170071,2023-01-09,60.0
170071,2023-01-16,30.0
170071,2023-02-09,60.0
170071,2023-02-24,60.0
170071,2023-03-10,60.0
170071,2023-04-07,60.0
170071,2023-04-13,60.0
170071,2023-05-15,60.0
170071,2023-05-26,60.0
170071,2023-06-14,60.0
170291,2023-01-20,30.0
170291,2023-04-03,30.0
170291,2023-04-13,30.0
170291,2023-06-14,60.0
170291,2023-06-28,120.0
173812,2022-08-22,2.0
21,2022-06-30,216.0
21,2022-07-06,24.0
21,2022-07-14,120.0
21,2022-07-21,72.0
21,2022-07-28,96.0
21,2022-08-03,192.0
21,2022-08-18,168.0
21,2022-08-31,120.0
21,2022-09-07,96.0
21,2022-09-21,96.0
21,2022-09-28,72.0
21,2022-10-06,48.0
21,2022-10-13,72.0
21,2022-10-19,120.0
21,2022-11-02,72.0
21,2022-11-09,48.0
21,2022-11-16,120.0
21,2022-11-30,48.0
21,2022-12-14,312.0
21,2022-12-21,240.0
21,2023-01-19,24.0
21,2023-02-02,120.0
21,2023-02-08,72.0
21,2023-02-22,48.0
21,2023-03-08,48.0
21,2023-03-13,72.0
21,2023-03-22,72.0
21,2023-03-29,72.0
21,2023-04-04,72.0
21,2023-04-19,48.0
21,2023-04-26,96.0
21,2023-05-04,72.0
21,2023-05-11,48.0
21,2023-05-17,24.0
210013,2023-06-15,182.0
210013,2023-07-20,120.0
210021,2022-08-02,120.0
210021,2022-08-29,28.0
210021,2022-09-02,120.0
210021,2022-09-22,360.0
210021,2022-10-13,360.0
210021,2022-11-25,360.0
210021,2023-02-02,720.0
210021,2023-03-28,240.0
210021,2023-04-25,240.0
210021,2023-05-22,360.0
210021,2023-06-12,120.0
210091,2022-08-29,9.0
210091,2022-10-13,60.0
210091,2022-11-25,120.0
210091,2023-02-16,120.0
210101,2022-07-06,250.0
210101,2022-07-15,230.0
210101,2022-07-20,360.0
210101,2022-08-02,240.0
210101,2022-08-19,120.0
210101,2022-08-24,120.0
210101,2022-08-29,116.0
210101,2022-09-02,300.0
210101,2022-09-15,360.0
210101,2022-09-22,240.0
210101,2022-10-27,240.0
210101,2022-11-25,120.0
210101,2022-12-19,180.0
210101,2023-01-03,180.0
210101,2023-02-02,360.0
210101,2023-02-16,120.0
210101,2023-05-22,240.0
210201,2022-09-20,60.0
210201,2022-09-22,240.0
210201,2023-02-08,120.0
210201,2023-05-22,240.0
210221,2022-08-02,120.0
210221,2022-08-29,148.0
210221,2022-11-02,120.0
210221,2022-11-25,120.0
210221,2022-12-21,180.0
210221,2023-02-02,720.0
210401,2023-06-15,267.0
210401,2023-07-13,600.0
210411,2023-06-15,253.0
210491,2023-06-15,307.0
210491,2023-07-13,600.0
210813,2022-08-23,60.0
210813,2022-09-02,60.0
210813,2022-10-12,60.0
210813,2022-10-19,120.0
210813,2022-11-02,120.0
210813,2022-12-02,180.0
210813,2023-01-05,36.0
210813,2023-03-28,240.0
210813,2023-05-24,120.0
213514,2022-07-22,120.0
213514,2023-03-27,60.0
213532,2022-07-27,150.0
213532,2023-01-13,0.0
250011,2022-06-30,234.0
250011,2022-07-06,135.0
250011,2022-07-14,189.0
250011,2022-07-21,360.0
250011,2022-07-28,405.0
250011,2022-08-18,405.0
250011,2022-08-31,180.0
250011,2022-09-07,90.0
250011,2022-09-15,90.0
250011,2022-09-21,360.0
250011,2022-09-28,135.0
250011,2022-10-06,180.0
250011,2022-10-13,270.0
250011,2022-10-26,45.0
250011,2022-11-02,90.0
250011,2022-11-09,180.0
250011,2022-11-16,225.0
250011,2022-11-23,90.0
250011,2022-12-01,45.0
250011,2022-12-07,225.0
250011,2022-12-14,135.0
250011,2022-12-22,90.0
250011,2023-01-05,315.0
250011,2023-01-12,225.0
250011,2023-01-19,225.0
250011,2023-01-30,90.0
250011,2023-02-02,270.0
250011,2023-02-08,999.0
250011,2023-02-15,279.0
250011,2023-03-08,207.0
250011,2023-03-13,225.0
250011,2023-03-22,180.0
250011,2023-03-29,198.0
250011,2023-04-11,180.0
250011,2023-04-26,180.0
250011,2023-05-04,90.0
250011,2023-05-11,450.0
250011,2023-05-17,90.0
250011,2023-05-24,270.0
250011,2023-06-01,270.0
250011,2023-06-08,270.0
250011,2023-06-22,270.0
250011,2023-06-29,450.0
250011,2023-07-06,270.0
250011,2023-07-20,180.0
250011,2023-07-27,270.0
250021,2022-06-30,0.0
250021,2022-07-06,0.0
250021,2022-07-14,1.0
250021,2022-07-21,1.0
250021,2022-07-28,2800.0
250021,2022-08-03,1.0
250021,2022-08-18,3.0
250021,2022-08-24,1.0
250021,2022-08-31,1.0
250021,2022-09-07,1.0
250021,2022-09-15,0.0
250021,2022-09-21,1.0
250021,2022-09-28,3200.0
250021,2022-10-13,1.0
250021,2022-10-19,0.0
250021,2022-10-26,1.0
250021,2022-11-02,1.0
250021,2022-11-09,0.0
250021,2022-11-16,0.0
250021,2022-11-23,1.0
250021,2022-12-01,3.0
250021,2022-12-14,1.0
250021,2022-12-22,3200.0
250021,2023-01-05,2.0
250021,2023-01-12,3.0
250021,2023-01-19,3.0
250021,2023-01-30,2.0
250021,2023-02-02,5.0
250021,2023-02-08,10000.0
250021,2023-02-15,5200.0
250021,2023-03-02,3400.0
250021,2023-03-08,3400.0
250021,2023-03-13,0.0
250021,2023-03-22,0.0
250021,2023-03-29,2600.0
250021,2023-04-04,2040.0
250021,2023-04-11,0.0
250021,2023-04-19,0.0
250021,2023-04-26,1.0
250021,2023-05-04,0.0
250021,2023-05-11,0.0
250021,2023-05-17,1.0
250021,2023-05-24,0.0
250021,2023-06-01,0.0
250021,2023-06-08,0.0
250021,2023-06-15,1.0
250021,2023-06-22,0.0
250021,2023-07-06,0.0
250021,2023-07-12,1.0
250021,2023-07-20,1840.0
250021,2023-07-27,1.0
250031,2022-07-06,40.0
250031,2022-10-13,40.0
250031,2022-11-09,40.0
250031,2022-12-07,40.0
250031,2022-12-14,40.0
250031,2023-01-05,40.0
250031,2023-01-12,40.0
250031,2023-01-19,160.0
250031,2023-03-02,40.0
250031,2023-03-29,40.0
250031,2023-04-11,160.0
250031,2023-05-24,40.0
250031,2023-06-01,40.0
250031,2023-06-08,40.0
250031,2023-06-22,40.0
250031,2023-06-29,120.0
250041,2022-06-30,0.0
250041,2022-07-06,1.0
250041,2022-07-14,0.0
250041,2022-07-21,0.0
250041,2022-07-28,4000.0
250041,2022-08-03,1.0
250041,2022-08-18,1.0
250041,2022-08-24,1.0
250041,2022-08-31,0.0
250041,2022-09-07,2.0
250041,2022-09-15,1.0
250041,2022-09-21,2400.0
250041,2022-09-28,4800.0
250041,2022-10-06,1.0
250041,2022-10-13,3200.0
250041,2022-10-19,3600.0
250041,2022-10-26,4000.0
250041,2022-11-02,3.0
250041,2022-11-09,0.0
250041,2022-11-16,0.0
250041,2022-11-23,3.0
250041,2022-12-01,0.0
250041,2022-12-14,3400.0
250041,2022-12-22,6800.0
250041,2023-01-05,3.0
250041,2023-01-12,5.0
250041,2023-01-19,5.0
250041,2023-01-30,2.0
250041,2023-02-02,7.0
250041,2023-02-08,15800.0
250041,2023-02-15,6000.0
250041,2023-03-02,6000.0
250041,2023-03-08,5200.0
250041,2023-03-13,4000.0
250041,2023-03-22,4000.0
250041,2023-03-29,4400.0
250041,2023-04-04,2241.0
250041,2023-04-11,3200.0
250041,2023-04-19,4000.0
250041,2023-04-26,2.0
250041,2023-05-04,0.0
250041,2023-05-11,3600.0
250041,2023-05-17,4400.0
250041,2023-05-24,0.0
250041,2023-06-01,2400.0
250041,2023-06-08,2800.0
250041,2023-06-15,2400.0
250041,2023-06-22,0.0
250041,2023-06-29,0.0
250041,2023-07-06,2.0
250041,2023-07-12,2400.0
250041,2023-07-20,1840.0
250041,2023-07-27,2240.0
250051,2022-08-31,40.0
250051,2022-10-06,40.0
250051,2022-10-26,40.0
250051,2022-11-16,40.0
250051,2022-12-14,40.0
250051,2023-01-05,40.0
250051,2023-01-12,40.0
250051,2023-01-19,160.0
250051,2023-03-02,40.0
250051,2023-03-22,80.0
250051,2023-04-19,40.0
250051,2023-05-24,40.0
250051,2023-06-22,40.0
250061,2022-06-30,48.0
250061,2022-07-28,120.0
250061,2022-08-18,120.0
250061,2022-08-24,120.0
250061,2022-08-31,96.0
250061,2022-09-21,24.0
250061,2022-09-28,24.0
250061,2022-10-06,96.0
250061,2022-10-13,168.0
250061,2022-10-26,72.0
250061,2022-11-23,24.0
250061,2022-12-07,120.0
250061,2022-12-14,48.0
250061,2022-12-22,48.0
250061,2023-01-05,360.0
250061,2023-01-12,240.0
250061,2023-01-19,240.0
250061,2023-02-02,240.0
250061,2023-02-08,312.0
250061,2023-02-15,240.0
250061,2023-03-02,240.0
250061,2023-03-08,240.0
250061,2023-05-04,192.0
250061,2023-05-17,120.0
250061,2023-06-01,120.0
250061,2023-06-08,240.0
250061,2023-06-15,240.0
250061,2023-06-29,720.0
250061,2023-07-12,240.0
250061,2023-07-20,480.0
250061,2023-07-27,960.0
250071,2022-06-30,9720.0
250071,2022-07-06,8.0
250071,2022-07-14,7.0
250071,2022-07-21,5850.0
250071,2022-07-28,12.0
250071,2022-08-03,5400.0
250071,2022-08-18,6.0
250071,2022-08-24,7.0
250071,2022-08-31,5040.0
250071,2022-09-07,4950.0
250071,2022-09-15,4500.0
250071,2022-10-06,450.0
250071,2022-10-13,1620.0
250071,2022-10-19,720.0
250071,2022-11-02,3420.0
250071,2022-11-09,450.0
250071,2022-11-16,1350.0
250071,2022-11-23,1350.0
250071,2022-12-01,4.0
250071,2022-12-07,630.0
250071,2022-12-14,4050.0
250071,2022-12-22,8.0
250071,2023-01-05,4.0
250071,2023-01-12,4950.0
250071,2023-01-18,5490.0
250071,2023-01-30,3.0
250071,2023-02-02,4.0
250071,2023-02-15,450.0
250071,2023-03-02,2520.0
250071,2023-03-08,720.0
250071,2023-03-29,1350.0
250071,2023-04-04,90.0
250071,2023-04-11,1350.0
250071,2023-04-19,630.0
250071,2023-05-04,450.0
250071,2023-05-11,0.0
250071,2023-05-24,7200.0
250071,2023-06-01,7200.0
250071,2023-06-08,5400.0
250071,2023-06-14,10620.0
250071,2023-06-22,9900.0
250071,2023-06-29,9000.0
250071,2023-07-06,9900.0
250071,2023-07-12,7200.0
250071,2023-07-20,11295.0
250071,2023-07-27,10350.0
250081,2022-06-30,72.0
250081,2022-07-14,108.0
250081,2022-08-03,72.0
250081,2022-08-18,144.0
250081,2022-08-31,108.0
250081,2022-09-28,108.0
250081,2022-10-06,144.0
250081,2022-10-13,72.0
250081,2022-10-19,144.0
250081,2022-10-26,72.0
250081,2022-11-09,180.0
250081,2022-12-14,180.0
250081,2022-12-22,108.0
250081,2023-01-05,216.0
250081,2023-01-12,144.0
250081,2023-01-19,180.0
250081,2023-02-02,180.0
250081,2023-02-08,324.0
250081,2023-03-02,360.0
250081,2023-03-13,72.0
250081,2023-03-22,108.0
250081,2023-03-29,144.0
250081,2023-04-04,180.0
250081,2023-04-11,180.0
250081,2023-05-04,180.0
250081,2023-05-11,180.0
250081,2023-05-17,180.0
250081,2023-06-01,360.0
250081,2023-06-29,180.0
250081,2023-07-20,180.0
250091,2022-06-30,144.0
250091,2022-07-06,144.0
250091,2022-07-14,288.0
250091,2022-07-28,72.0
250091,2022-08-18,288.0
250091,2022-09-07,72.0
250091,2022-09-15,144.0
250091,2022-09-21,193.0
250091,2022-10-06,72.0
250091,2022-10-19,216.0
250091,2022-11-09,144.0
250091,2022-12-01,216.0
250091,2023-01-05,216.0
250091,2023-01-27,216.0
250091,2023-02-08,144.0
250091,2023-03-02,360.0
250091,2023-03-22,72.0
250091,2023-04-04,360.0
250091,2023-04-11,360.0
250091,2023-05-17,216.0
250091,2023-05-24,72.0
250091,2023-06-01,432.0
250091,2023-06-08,360.0
250091,2023-06-29,360.0
250091,2023-07-20,360.0
250101,2022-06-30,108.0
250101,2022-07-06,288.0
250101,2022-07-14,144.0
250101,2022-07-21,108.0
250101,2022-07-28,432.0
250101,2022-08-03,180.0
250101,2022-08-18,468.0
250101,2022-08-31,180.0
250101,2022-09-07,288.0
250101,2022-09-15,72.0
250101,2022-09-21,720.0
250101,2022-11-23,612.0
250101,2022-12-07,360.0
250101,2022-12-14,108.0
250101,2022-12-22,180.0
250101,2023-01-05,180.0
250101,2023-01-12,180.0
250101,2023-01-19,612.0
250101,2023-01-27,360.0
250101,2023-02-02,360.0
250101,2023-02-08,756.0
250101,2023-02-15,252.0
250101,2023-03-02,360.0
250101,2023-03-08,360.0
250101,2023-03-13,360.0
250101,2023-03-22,216.0
250101,2023-04-04,360.0
250101,2023-04-11,360.0
250101,2023-04-19,72.0
250101,2023-04-26,972.0
250101,2023-05-17,360.0
250101,2023-05-24,720.0
250101,2023-06-01,720.0
250101,2023-06-22,720.0
250101,2023-07-06,540.0
250101,2023-07-12,360.0
250101,2023-07-20,540.0
250111,2022-07-14,80.0
250111,2022-07-21,120.0
250111,2022-07-28,160.0
250111,2022-09-07,40.0
250111,2022-09-15,80.0
250111,2022-09-28,160.0
250111,2022-10-26,120.0
250111,2022-11-09,80.0
250111,2023-02-08,120.0
250111,2023-02-15,80.0
250111,2023-03-13,80.0
250111,2023-03-22,80.0
250111,2023-04-04,240.0
250131,2022-07-06,40.0
250131,2022-07-14,40.0
250131,2022-07-21,80.0
250131,2022-10-06,80.0
250131,2022-10-13,40.0
250131,2022-10-26,80.0
250131,2022-11-02,80.0
250131,2022-11-09,40.0
250131,2022-11-16,40.0
250131,2022-11-23,40.0
250131,2022-12-01,40.0
250131,2022-12-14,160.0
250131,2022-12-22,80.0
250131,2023-01-12,40.0
250131,2023-01-19,80.0
250131,2023-01-30,80.0
250131,2023-02-02,120.0
250131,2023-02-08,280.0
250131,2023-03-02,40.0
250131,2023-03-08,80.0
250131,2023-03-13,80.0
250131,2023-03-29,160.0
250131,2023-04-19,80.0
250131,2023-05-04,120.0
250131,2023-05-24,40.0
250131,2023-06-01,120.0
250131,2023-07-06,40.0
250151,2022-07-06,80.0
250151,2022-07-14,40.0
250151,2022-07-21,40.0
250151,2022-07-28,80.0
250151,2022-08-03,40.0
250151,2022-08-18,120.0
250151,2022-10-06,40.0
250151,2022-10-13,80.0
250151,2022-10-19,80.0
250151,2022-11-09,80.0
250151,2022-11-16,40.0
250151,2022-11-23,80.0
250151,2022-12-01,40.0
250151,2022-12-07,80.0
250151,2022-12-14,160.0
250151,2023-01-05,80.0
250151,2023-01-12,40.0
250151,2023-01-19,80.0
250151,2023-01-30,40.0
250151,2023-02-08,200.0
250151,2023-02-15,120.0
250151,2023-03-02,120.0
250151,2023-03-08,120.0
250151,2023-03-22,80.0
250151,2023-03-29,80.0
250151,2023-04-19,80.0
250151,2023-05-04,120.0
250151,2023-05-24,40.0
250151,2023-06-01,40.0
250151,2023-07-06,40.0
250151,2023-07-12,160.0
250262,2023-01-05,0.0
250262,2023-01-27,0.0
250262,2023-02-15,0.0
250262,2023-05-17,0.0
250262,2023-06-22,0.0
250262,2023-07-20,0.0
250272,2022-08-18,0.0
250272,2022-12-01,0.0
250272,2023-01-27,0.0
250272,2023-02-15,0.0
250272,2023-03-13,0.0
250272,2023-04-11,1.0
250272,2023-06-15,0.0
250272,2023-07-20,0.0
250322,2022-07-28,0.0
250322,2022-08-18,0.0
250322,2023-02-22,10.0
250332,2023-02-22,10.0
250342,2022-08-23,0.0
250342,2023-02-22,0.0
250413,2022-06-30,10.0
250413,2022-07-06,30.0
250413,2022-07-21,10.0
250413,2022-07-28,20.0
250413,2022-08-03,20.0
250413,2022-08-18,60.0
250413,2022-08-31,30.0
250413,2022-09-15,30.0
250413,2022-09-21,10.0
250413,2022-09-28,20.0
250413,2022-10-06,50.0
250413,2022-10-13,150.0
250413,2022-11-09,110.0
250413,2023-01-05,10.0
250413,2023-01-12,150.0
250413,2023-02-08,80.0
250413,2023-03-29,50.0
250413,2023-04-19,10.0
250423,2022-07-06,20.0
250423,2022-07-14,20.0
250423,2022-07-21,10.0
250423,2022-07-28,60.0
250423,2022-08-03,10.0
250423,2022-08-18,170.0
250423,2022-08-31,40.0
250423,2022-09-21,50.0
250423,2022-09-28,10.0
250423,2022-10-06,50.0
250423,2022-11-09,150.0
250423,2022-12-14,20.0
250423,2023-02-08,30.0
250423,2023-02-15,50.0
250423,2023-03-29,30.0
250423,2023-05-11,50.0
250423,2023-06-15,50.0
250433,2022-09-07,60.0
250433,2022-09-21,60.0
250433,2022-10-06,60.0
250433,2022-10-19,60.0
250433,2022-11-02,20.0
250433,2022-11-09,120.0
250433,2022-12-22,80.0
250433,2023-01-12,200.0
250433,2023-01-19,80.0
250433,2023-02-08,60.0
250433,2023-02-15,40.0
250433,2023-06-01,40.0
250443,2022-07-06,20.0
250443,2022-07-21,40.0
250443,2022-09-15,80.0
250443,2022-09-21,20.0
250443,2022-10-19,20.0
250443,2022-10-26,40.0
250443,2022-11-09,120.0
250443,2022-12-22,40.0
250443,2023-01-05,40.0
250443,2023-01-12,160.0
250443,2023-01-19,160.0
250443,2023-04-19,60.0
250443,2023-05-11,20.0
250443,2023-05-17,20.0
250443,2023-06-01,40.0
250443,2023-07-27,20.0
250453,2022-07-21,30.0
250453,2022-07-28,40.0
250453,2022-08-18,30.0
250453,2022-08-24,20.0
250453,2022-08-31,40.0
250453,2022-09-07,10.0
250453,2022-09-15,20.0
250453,2022-09-21,50.0
250453,2022-09-28,10.0
250453,2022-10-06,30.0
250453,2022-10-13,20.0
250453,2022-10-19,10.0
250453,2022-11-02,10.0
250453,2022-11-09,60.0
250453,2022-11-16,50.0
250453,2022-12-14,20.0
250453,2022-12-22,130.0
250453,2023-01-19,60.0
250453,2023-02-02,30.0
250453,2023-04-26,50.0
250453,2023-05-11,50.0
250453,2023-05-17,50.0
250453,2023-06-22,50.0
250453,2023-07-12,50.0
250453,2023-07-20,50.0
250483,2022-06-30,20.0
250483,2022-07-06,40.0
250483,2022-07-28,20.0
250483,2022-08-18,20.0
250483,2022-08-24,40.0
250483,2022-08-31,20.0
250483,2022-09-15,40.0
250483,2022-09-28,20.0
250483,2022-11-23,60.0
250483,2022-12-22,20.0
250483,2023-01-05,20.0
250483,2023-01-12,80.0
250483,2023-02-08,120.0
250483,2023-02-15,120.0
250483,2023-03-02,20.0
250483,2023-03-22,20.0
250483,2023-04-19,40.0
250483,2023-04-26,20.0
250483,2023-05-04,40.0
250493,2022-06-30,40.0
250493,2022-07-06,60.0
250493,2022-07-14,20.0
250493,2022-08-31,60.0
250493,2022-09-07,20.0
250493,2022-09-15,40.0
250493,2022-09-21,20.0
250493,2022-12-22,20.0
250493,2023-01-05,40.0
250493,2023-01-12,180.0
250493,2023-02-02,80.0
250493,2023-02-08,120.0
250493,2023-02-15,140.0
250493,2023-03-22,60.0
250493,2023-05-04,60.0
250563,2022-07-06,10.0
250563,2022-07-14,20.0
250563,2022-07-21,10.0
250563,2022-08-03,20.0
250563,2022-08-31,40.0
250563,2022-10-19,20.0
250563,2022-11-16,10.0
250563,2022-12-22,30.0
250563,2023-01-30,10.0
250563,2023-02-02,10.0
250563,2023-03-02,50.0
250563,2023-03-22,10.0
250563,2023-03-29,30.0
250563,2023-04-26,20.0
250563,2023-05-04,10.0
250563,2023-05-11,50.0
250563,2023-06-01,50.0
250563,2023-06-15,50.0
250563,2023-07-27,20.0
250631,2022-06-30,10.0
250631,2022-07-06,30.0
250631,2022-09-07,50.0
250631,2022-09-21,10.0
250631,2022-09-28,1.0
250631,2022-10-13,30.0
250631,2022-10-26,80.0
250631,2023-01-05,20.0
250631,2023-01-12,30.0
250631,2023-01-19,20.0
250631,2023-01-30,20.0
250631,2023-02-08,60.0
250631,2023-05-11,30.0
250631,2023-05-24,50.0
250631,2023-07-27,20.0
250641,2022-07-06,40.0
250641,2022-08-18,80.0
250641,2022-08-31,40.0
250641,2022-09-21,40.0
250641,2022-09-28,40.0
250641,2022-10-13,80.0
250641,2022-10-26,120.0
250641,2022-11-09,120.0
250641,2022-12-01,80.0
250641,2022-12-07,40.0
250641,2022-12-14,120.0
250641,2023-02-08,240.0
250641,2023-02-15,80.0
250641,2023-05-04,40.0
250641,2023-07-06,200.0
250651,2022-06-30,72.0
250651,2022-08-03,72.0
250651,2022-11-23,72.0
250651,2023-01-19,72.0
250651,2023-03-29,72.0
250651,2023-05-17,72.0
250651,2023-06-15,72.0
250651,2023-06-22,216.0
250662,2022-07-28,0.0
250662,2022-08-18,10.0
250662,2022-08-23,0.0
250662,2023-02-22,10.0
250671,2022-06-30,360.0
250671,2022-08-18,1350.0
250671,2022-10-06,135.0
250671,2022-11-09,135.0
250671,2022-11-16,180.0
250671,2022-12-14,45.0
250671,2022-12-22,18.0
250671,2023-01-05,135.0
250671,2023-01-12,27.0
250671,2023-01-18,90.0
250671,2023-01-30,90.0
250671,2023-02-02,72.0
250671,2023-02-08,252.0
250671,2023-02-15,54.0
250671,2023-03-02,270.0
250671,2023-03-22,108.0
250671,2023-03-29,90.0
250671,2023-04-11,270.0
250671,2023-04-19,180.0
250671,2023-05-04,90.0
250671,2023-05-11,720.0
250671,2023-05-17,450.0
250671,2023-05-24,450.0
250671,2023-06-01,450.0
250671,2023-06-08,450.0
250671,2023-06-14,450.0
250671,2023-06-22,450.0
250671,2023-07-06,360.0
250671,2023-07-20,495.0
250671,2023-07-27,450.0
250681,2022-07-28,36.0
250681,2022-09-28,36.0
250681,2022-10-19,36.0
250681,2022-10-26,108.0
250681,2022-12-14,72.0
250681,2023-01-05,36.0
250681,2023-01-12,36.0
250681,2023-01-27,72.0
250681,2023-02-02,72.0
250681,2023-02-08,72.0
250681,2023-03-02,72.0
250681,2023-04-19,24.0
250681,2023-05-11,36.0
250681,2023-05-24,36.0
250681,2023-06-01,36.0
250681,2023-07-12,36.0
250711,2022-08-18,72.0
250711,2022-10-06,24.0
250711,2022-10-19,48.0
250711,2022-12-01,24.0
250711,2023-01-05,24.0
250711,2023-01-19,24.0
250711,2023-01-30,48.0
250711,2023-03-08,24.0
250711,2023-04-19,24.0
250711,2023-05-11,120.0
250723,2022-08-18,20.0
250723,2022-09-21,20.0
250723,2022-09-28,20.0
250723,2022-10-26,20.0
250723,2022-11-02,20.0
250723,2022-11-23,20.0
250723,2022-12-14,20.0
250723,2022-12-22,40.0
250723,2023-01-12,20.0
250723,2023-01-19,40.0
250723,2023-02-08,40.0
250723,2023-05-24,20.0
250723,2023-06-01,40.0
250751,2022-06-30,40.0
250751,2022-08-18,160.0
250751,2022-09-15,40.0
250751,2022-09-21,80.0
250751,2022-10-06,120.0
250751,2022-10-19,80.0
250751,2022-12-01,80.0
250751,2022-12-22,240.0
250751,2023-01-05,40.0
250751,2023-01-19,280.0
250751,2023-02-02,280.0
250751,2023-02-08,560.0
250751,2023-02-15,120.0
250751,2023-03-29,160.0
250751,2023-04-11,200.0
250751,2023-04-19,400.0
250751,2023-05-04,320.0
250751,2023-06-01,200.0
250751,2023-07-06,240.0
250751,2023-07-12,120.0
250761,2022-06-30,20.0
250761,2022-08-18,30.0
250761,2022-09-07,20.0
250761,2022-09-21,20.0
250761,2022-09-28,10.0
250761,2022-10-06,10.0
250761,2022-10-19,20.0
250761,2022-10-26,20.0
250761,2022-11-16,50.0
250761,2022-12-01,20.0
250761,2022-12-22,40.0
250761,2023-01-12,30.0
250761,2023-01-19,20.0
250761,2023-01-30,10.0
250761,2023-02-02,20.0
250761,2023-02-08,100.0
250761,2023-02-15,20.0
250791,2022-06-30,144.0
250791,2022-07-28,36.0
250791,2022-08-18,108.0
250791,2022-09-07,36.0
250791,2022-11-16,25.0
250791,2022-11-23,72.0
250791,2022-12-07,36.0
250791,2022-12-14,72.0
250791,2022-12-22,36.0
250791,2023-01-12,36.0
250791,2023-01-19,108.0
250791,2023-01-30,36.0
250791,2023-02-08,288.0
250791,2023-03-02,360.0
250791,2023-03-13,360.0
250791,2023-03-29,144.0
250791,2023-04-11,360.0
250791,2023-04-19,720.0
250791,2023-05-04,252.0
250791,2023-05-11,288.0
250791,2023-05-17,180.0
250791,2023-06-01,180.0
250791,2023-06-29,360.0
250791,2023-07-06,180.0
250801,2022-06-30,90.0
250801,2022-08-03,18.0
250801,2022-08-18,180.0
250801,2022-12-01,9.0
250801,2022-12-22,9.0
250801,2023-01-05,45.0
250801,2023-01-19,36.0
250801,2023-02-08,72.0
250801,2023-02-15,18.0
250801,2023-03-08,27.0
250801,2023-03-22,36.0
250801,2023-03-29,18.0
250801,2023-04-19,90.0
250801,2023-05-11,45.0
250801,2023-05-17,45.0
250801,2023-05-24,45.0
250801,2023-06-01,45.0
250801,2023-06-08,45.0
250801,2023-06-15,180.0
250801,2023-07-12,45.0
250841,2022-06-30,40.0
250841,2022-08-03,40.0
250841,2022-10-26,40.0
250841,2022-12-22,40.0
250841,2023-01-19,40.0
250841,2023-02-08,40.0
250841,2023-03-02,40.0
250841,2023-03-08,40.0
250841,2023-04-11,40.0
250841,2023-04-19,40.0
250841,2023-05-11,40.0
250841,2023-05-24,40.0
250841,2023-06-08,40.0
250841,2023-06-15,40.0
250851,2022-08-18,20.0
250851,2022-09-07,40.0
250851,2022-11-23,40.0
250851,2023-01-12,60.0
250851,2023-01-19,60.0
250851,2023-02-02,40.0
250851,2023-05-11,20.0
250851,2023-05-17,20.0
250851,2023-06-01,40.0
250901,2022-08-31,20.0
250901,2022-09-07,20.0
250901,2022-09-21,70.0
250901,2022-10-13,10.0
250901,2022-10-19,30.0
250901,2022-12-07,40.0
250901,2022-12-22,20.0
250901,2022-12-23,90.0
250911,2022-09-07,40.0
250911,2022-09-21,70.0
250911,2022-10-19,40.0
250911,2022-11-02,60.0
250911,2022-12-22,30.0
250911,2022-12-23,90.0
250911,2023-01-05,200.0
250911,2023-05-24,30.0
250911,2023-06-01,50.0
250911,2023-06-08,50.0
250911,2023-06-15,50.0
250931,2022-09-07,80.0
250931,2022-09-21,160.0
250931,2022-10-26,24.0
250931,2022-11-02,64.0
250931,2022-11-09,40.0
250931,2022-11-16,40.0
250931,2022-12-01,24.0
250931,2022-12-14,120.0
250931,2022-12-22,164.0
250931,2022-12-23,140.0
250931,2023-02-08,360.0
250931,2023-03-08,240.0
250931,2023-03-22,120.0
250931,2023-04-05,160.0
250931,2023-04-11,160.0
250931,2023-04-19,240.0
250931,2023-05-04,160.0
250931,2023-05-11,400.0
250931,2023-05-17,240.0
250931,2023-05-24,160.0
250931,2023-06-01,1200.0
250931,2023-06-08,1600.0
250931,2023-06-22,800.0
250931,2023-07-06,1200.0
250931,2023-07-12,1600.0
250993,2023-01-30,500.0
250993,2023-02-08,300.0
250993,2023-03-02,400.0
250993,2023-04-04,150.0
250993,2023-05-11,300.0
250993,2023-06-01,500.0
250993,2023-06-15,500.0
250993,2023-06-22,500.0
250993,2023-06-29,500.0
250993,2023-07-12,500.0
251003,2023-01-30,180.0
251003,2023-02-08,180.0
251003,2023-03-02,50.0
251003,2023-03-22,40.0
251003,2023-04-11,12.0
251003,2023-05-04,30.0
251003,2023-05-11,180.0
251013,2023-01-30,120.0
251013,2023-02-08,120.0
251013,2023-03-08,80.0
251013,2023-04-04,50.0
251013,2023-04-11,30.0
251013,2023-04-19,18.0
251013,2023-04-26,30.0
251013,2023-05-04,54.0
251042,2023-03-02,550.0
251042,2023-04-11,96.0
251042,2023-04-19,18.0
251042,2023-04-26,36.0
251042,2023-05-04,275.0
251042,2023-05-11,186.0
251062,2023-03-06,5.0
3046,2023-06-15,0.0
3046,2023-06-22,208.0
3102,2022-12-07,360.0
3122,2022-07-21,120.0
3122,2022-08-03,80.0
3122,2023-04-19,400.0
3122,2023-06-26,200.0
3122,2023-06-29,1000.0
3165,2023-03-29,96.0
3165,2023-05-04,24.0
3165,2023-05-11,48.0
3165,2023-05-17,24.0
3165,2023-05-24,120.0
3165,2023-06-01,72.0
3165,2023-06-08,240.0
3165,2023-06-15,48.0
3165,2023-06-22,360.0
3165,2023-06-29,96.0
3165,2023-07-12,48.0
3165,2023-07-20,72.0
3186,2023-04-04,10.0
3192,2023-04-19,1.0
320021,2022-08-31,240.0
320021,2022-09-06,101.0
320021,2022-09-23,119.0
320021,2022-10-13,240.0
320021,2022-11-14,240.0
320021,2022-12-09,234.0
320021,2023-01-18,240.0
320021,2023-02-27,240.0
320021,2023-04-20,240.0
320041,2022-08-12,135.0
320041,2022-09-06,165.0
320041,2022-10-13,135.0
320041,2022-11-14,135.0
320041,2022-11-25,283.0
320041,2023-02-01,135.0
320041,2023-02-17,270.0
320041,2023-05-16,63.0
320041,2023-05-18,84.0
3201,2023-05-04,28.0
3201,2023-05-24,28.0
3201,2023-06-01,42.0
3201,2023-06-15,28.0
3201,2023-07-06,56.0
3201,2023-07-20,28.0
320181,2022-07-26,101.0
320181,2022-08-12,59.0
320181,2023-02-01,120.0
320181,2023-02-17,120.0
320181,2023-02-27,120.0
320181,2023-04-20,60.0
320271,2022-07-08,144.0
320271,2022-07-26,48.0
320271,2022-08-12,48.0
320271,2022-08-31,144.0
320271,2022-09-06,336.0
320271,2022-10-13,240.0
320271,2022-10-31,96.0
320271,2022-11-14,192.0
320271,2022-11-25,144.0
320271,2022-12-09,192.0
320271,2023-01-13,48.0
320271,2023-01-18,192.0
320271,2023-02-01,96.0
320271,2023-02-08,96.0
320271,2023-02-27,336.0
320271,2023-03-10,96.0
320271,2023-03-28,144.0
320271,2023-04-20,192.0
320301,2022-07-08,672.0
320301,2022-07-26,768.0
320301,2022-08-12,1440.0
320301,2022-08-31,288.0
320301,2022-09-26,1440.0
320301,2022-10-13,768.0
320301,2022-10-31,1056.0
320301,2022-11-14,768.0
320301,2022-11-25,1536.0
320301,2022-12-09,1536.0
320301,2022-12-20,1440.0
320301,2023-01-13,1056.0
320301,2023-01-18,576.0
320301,2023-02-01,1536.0
320301,2023-02-17,1152.0
320301,2023-03-10,1248.0
320301,2023-03-28,192.0
320301,2023-04-20,480.0
320361,2022-07-08,216.0
320361,2022-07-26,144.0
320361,2022-08-12,72.0
320361,2022-08-31,144.0
320361,2022-09-06,360.0
320361,2022-09-23,216.0
320361,2022-10-31,72.0
320361,2022-11-14,144.0
320361,2022-11-25,216.0
320361,2022-12-09,144.0
320361,2022-12-28,72.0
320361,2023-01-18,72.0
320361,2023-02-17,144.0
320361,2023-03-10,216.0
320361,2023-04-10,432.0
320361,2023-04-20,72.0
320381,2022-07-08,96.0
320381,2022-07-26,576.0
320381,2022-08-12,1344.0
320381,2022-08-31,384.0
320381,2022-09-06,96.0
320381,2022-09-23,576.0
320381,2022-10-13,288.0
320381,2022-10-31,576.0
320381,2022-11-14,288.0
320381,2022-11-25,672.0
320381,2022-12-09,672.0
320381,2022-12-20,480.0
320381,2023-01-13,288.0
320381,2023-01-18,192.0
320381,2023-02-01,672.0
320381,2023-02-17,1344.0
320381,2023-03-10,96.0
320381,2023-03-28,96.0
320381,2023-04-20,384.0
320461,2022-07-08,1632.0
320461,2022-07-26,1632.0
320461,2022-08-12,3840.0
320461,2022-08-31,288.0
320461,2022-09-23,480.0
320461,2022-11-25,1056.0
320461,2022-12-09,1536.0
320461,2022-12-20,960.0
320461,2023-01-13,768.0
320461,2023-01-18,384.0
320461,2023-02-01,1056.0
320461,2023-03-10,384.0
320461,2023-03-28,480.0
320461,2023-04-20,1632.0
320471,2022-07-08,2112.0
320471,2022-07-26,2016.0
320471,2022-08-12,5472.0
320471,2022-08-31,384.0
320471,2022-09-06,384.0
320471,2022-09-26,1440.0
320471,2022-10-13,288.0
320471,2022-10-31,1536.0
320471,2022-11-14,192.0
320471,2022-11-25,2112.0
320471,2022-12-09,2016.0
320471,2022-12-20,1440.0
320471,2023-01-13,288.0
320471,2023-01-18,480.0
320471,2023-02-01,960.0
320471,2023-03-10,768.0
320471,2023-03-28,960.0
320471,2023-04-20,1632.0
320491,2022-07-08,81.0
320491,2022-07-26,162.0
320491,2022-08-12,486.0
320491,2022-09-06,324.0
320491,2022-09-23,162.0
320491,2022-10-13,162.0
320491,2022-10-31,243.0
320491,2022-11-14,243.0
320491,2022-11-25,486.0
320491,2022-11-30,405.0
320491,2023-01-13,243.0
320491,2023-01-18,81.0
320491,2023-02-01,81.0
320491,2023-02-08,81.0
320491,2023-02-17,162.0
320491,2023-03-28,243.0
320491,2023-04-20,567.0
320501,2022-07-08,162.0
320501,2022-07-26,162.0
320501,2022-08-12,648.0
320501,2022-09-06,81.0
320501,2022-09-23,162.0
320501,2022-10-13,81.0
320501,2022-10-31,162.0
320501,2022-11-14,162.0
320501,2022-11-25,486.0
320501,2022-11-30,405.0
320501,2023-02-01,81.0
320501,2023-02-08,81.0
320501,2023-02-17,162.0
320501,2023-03-10,81.0
320501,2023-03-28,81.0
320501,2023-04-10,243.0
320501,2023-04-20,324.0
320511,2022-07-26,480.0
320511,2022-08-12,2016.0
320511,2022-08-31,288.0
320511,2022-09-06,480.0
320511,2022-09-23,288.0
320511,2022-10-31,384.0
320511,2022-11-14,96.0
320511,2022-11-25,480.0
320511,2022-12-09,288.0
320511,2022-12-20,480.0
320511,2023-01-13,96.0
320511,2023-01-18,192.0
320511,2023-02-01,480.0
320511,2023-02-17,960.0
320511,2023-03-10,192.0
320511,2023-03-28,96.0
320511,2023-04-20,384.0
320521,2022-07-26,480.0
320521,2022-08-12,768.0
320521,2022-08-31,384.0
320521,2022-09-06,288.0
320521,2022-09-23,288.0
320521,2022-10-31,96.0
320521,2022-11-14,192.0
320521,2022-11-25,384.0
320521,2022-12-09,288.0
320521,2022-12-20,288.0
320521,2023-01-13,192.0
320521,2023-01-18,192.0
320521,2023-02-01,384.0
320521,2023-02-08,96.0
320521,2023-02-17,672.0
320521,2023-03-10,288.0
320521,2023-04-20,480.0
320531,2022-07-08,576.0
320531,2022-07-26,480.0
320531,2022-08-12,2.0
320531,2022-08-31,288.0
320531,2022-09-06,576.0
320531,2022-09-23,288.0
320531,2022-10-13,96.0
320531,2022-10-31,480.0
320531,2022-11-14,96.0
320531,2022-11-25,768.0
320531,2022-12-09,672.0
320531,2022-12-20,288.0
320531,2023-01-13,576.0
320531,2023-01-18,192.0
320531,2023-02-01,672.0
320531,2023-02-17,384.0
320531,2023-02-27,960.0
320531,2023-03-10,384.0
320531,2023-03-28,192.0
320531,2023-04-20,576.0
320541,2022-07-26,288.0
320541,2022-08-12,648.0
320541,2022-08-31,370.0
320541,2022-09-06,576.0
320541,2022-09-23,504.0
320541,2022-10-13,288.0
320541,2022-10-31,432.0
320541,2022-11-14,360.0
320541,2022-11-25,1440.0
320541,2023-01-13,72.0
320541,2023-01-18,360.0
320541,2023-02-01,504.0
320541,2023-02-08,288.0
320541,2023-02-17,1296.0
320541,2023-02-27,792.0
320541,2023-03-10,216.0
320541,2023-05-09,792.0
320541,2023-05-16,27.0
320931,2022-07-08,72.0
320931,2022-07-26,72.0
320931,2022-08-12,144.0
320931,2022-08-31,144.0
320931,2022-09-06,360.0
320931,2022-10-13,72.0
320931,2022-10-31,72.0
320931,2022-11-14,72.0
320931,2022-11-25,144.0
320931,2022-12-09,72.0
320931,2023-01-18,72.0
320931,2023-02-01,72.0
320931,2023-02-27,216.0
320931,2023-03-10,216.0
320931,2023-05-09,72.0
320931,2023-05-19,39.0
321001,2022-07-08,96.0
321001,2022-08-12,96.0
321001,2022-08-31,192.0
321001,2022-09-23,96.0
321001,2022-10-13,96.0
321001,2022-10-31,96.0
321001,2022-11-25,96.0
321001,2022-12-09,96.0
321001,2023-01-18,96.0
321001,2023-02-01,96.0
321001,2023-02-27,192.0
321001,2023-03-10,96.0
321001,2023-03-28,96.0
321001,2023-04-20,192.0
321011,2022-07-08,192.0
321011,2022-07-26,192.0
321011,2022-08-12,96.0
321011,2022-08-31,384.0
321011,2022-09-06,288.0
321011,2022-10-13,192.0
321011,2022-10-31,192.0
321011,2022-11-14,192.0
321011,2022-11-25,96.0
321011,2022-12-09,192.0
321011,2023-01-18,96.0
321011,2023-02-01,96.0
321011,2023-02-17,192.0
321011,2023-02-27,192.0
321011,2023-03-10,96.0
321011,2023-03-28,96.0
321011,2023-04-20,192.0
321462,2022-07-26,320.0
321462,2022-08-12,240.0
321462,2022-08-31,320.0
321462,2022-09-06,320.0
321462,2022-09-23,240.0
321462,2022-10-13,160.0
321462,2022-11-14,320.0
321462,2023-01-13,240.0
321462,2023-01-18,320.0
321462,2023-02-01,80.0
321462,2023-02-08,80.0
321462,2023-03-10,240.0
321462,2023-03-28,160.0
321462,2023-04-20,160.0
321691,2022-08-12,192.0
321691,2022-12-20,96.0
321691,2022-12-28,96.0
321691,2023-02-01,144.0
321691,2023-02-08,72.0
321691,2023-02-17,288.0
321691,2023-02-27,144.0
321722,2022-08-12,3.0
321722,2022-11-30,0.0
321871,2022-09-26,320.0
321871,2022-11-14,160.0
321871,2022-11-30,320.0
321871,2022-12-20,40.0
321871,2023-01-06,320.0
321871,2023-01-13,320.0
321871,2023-03-10,160.0
321871,2023-03-28,160.0
321871,2023-04-20,320.0
321881,2022-09-26,320.0
321881,2022-11-25,160.0
321881,2022-11-30,320.0
321881,2022-12-20,40.0
321881,2023-01-06,320.0
321881,2023-01-13,320.0
321881,2023-02-01,320.0
321881,2023-04-20,320.0
322121,2022-12-28,120.0
322121,2023-01-18,120.0
322121,2023-02-27,240.0
322121,2023-03-10,120.0
322121,2023-03-28,120.0
322121,2023-04-10,120.0
322121,2023-04-20,240.0
41,2022-06-30,840.0
41,2022-07-14,720.0
41,2022-07-21,504.0
41,2022-08-10,1920.0
41,2022-08-24,240.0
41,2022-08-31,240.0
41,2022-09-07,240.0
41,2022-09-15,480.0
41,2022-09-28,408.0
41,2022-10-06,240.0
41,2022-10-13,120.0
41,2022-10-19,120.0
41,2022-10-26,240.0
41,2022-12-07,30.0
41,2022-12-21,720.0
41,2023-01-05,240.0
41,2023-01-12,720.0
41,2023-01-19,240.0
41,2023-01-30,240.0
41,2023-02-02,240.0
41,2023-02-08,480.0
41,2023-02-15,192.0
41,2023-02-22,360.0
41,2023-03-02,288.0
41,2023-03-08,360.0
41,2023-03-13,240.0
41,2023-03-22,312.0
41,2023-03-29,240.0
41,2023-04-04,240.0
41,2023-04-11,360.0
41,2023-04-19,264.0
41,2023-04-26,360.0
41,2023-05-04,240.0
41,2023-05-11,240.0
41,2023-05-17,240.0
41,2023-05-24,312.0
41,2023-06-01,240.0
41,2023-06-08,240.0
41,2023-06-15,480.0
41,2023-06-22,360.0
41,2023-06-29,240.0
41,2023-07-06,312.0
41,2023-07-12,312.0
41,2023-07-27,240.0
51,2022-07-06,72.0
51,2022-11-25,168.0
51,2022-12-07,72.0
51,2022-12-14,96.0
51,2022-12-21,120.0
51,2023-01-19,120.0
51,2023-01-30,48.0
51,2023-02-02,48.0
51,2023-02-08,48.0
51,2023-02-15,24.0
51,2023-02-22,48.0
51,2023-03-02,72.0
51,2023-03-08,48.0
51,2023-03-13,72.0
51,2023-03-29,120.0
51,2023-04-04,24.0
51,2023-04-11,72.0
51,2023-04-19,72.0
51,2023-04-26,48.0
51,2023-05-04,72.0
51,2023-05-11,48.0
51,2023-05-24,72.0
51,2023-06-08,48.0
51,2023-06-22,360.0
51,2023-06-29,72.0
51,2023-07-20,48.0
51,2023-07-27,72.0
61,2022-07-06,480.0
61,2022-11-25,1800.0
61,2022-12-07,120.0
61,2022-12-14,120.0
61,2022-12-21,840.0
61,2023-01-05,360.0
61,2023-01-12,240.0
61,2023-01-19,480.0
61,2023-01-30,360.0
61,2023-02-02,360.0
61,2023-02-08,432.0
61,2023-02-15,432.0
61,2023-02-22,408.0
61,2023-03-02,480.0
61,2023-03-13,408.0
61,2023-03-22,456.0
61,2023-03-29,360.0
61,2023-04-04,480.0
61,2023-04-11,360.0
61,2023-04-19,432.0
61,2023-05-11,480.0
61,2023-05-17,240.0
61,2023-05-24,480.0
61,2023-06-01,360.0
61,2023-06-08,360.0
61,2023-06-15,480.0
61,2023-06-22,720.0
61,2023-06-29,480.0
61,2023-07-06,360.0
61,2023-07-12,552.0
61,2023-07-27,360.0
650191,2022-07-11,250.0
650191,2022-07-20,1.0
651122,2022-10-05,30.0
651122,2022-10-07,30.0
651122,2022-10-14,20.0
651122,2022-11-09,50.0
651122,2023-01-03,50.0
651122,2023-02-28,50.0
651122,2023-04-17,30.0
651122,2023-04-27,60.0
651122,2023-05-18,40.0
651122,2023-05-19,35.0
651122,2023-06-01,30.0
651122,2023-06-15,20.0
680015,2022-09-05,50.0
681021,2022-06-30,3.0
681021,2022-09-16,3024.0
681021,2023-01-31,6048.0
681031,2022-09-16,3024.0
681031,2023-01-31,6048.0
682011,2022-06-30,6.0
682011,2022-09-16,1512.0
682021,2022-06-30,6.0
682021,2022-09-16,1512.0
682031,2022-06-30,6.0
682031,2022-09-16,1512.0
682041,2022-06-30,6.0
682041,2022-09-16,1512.0
691005,2022-10-27,995.0
691005,2022-11-03,0.0
691005,2023-02-24,0.0
691011,2022-09-02,12.0
691011,2022-12-06,228.0
691011,2023-04-14,520.0
691021,2022-09-02,16.0
691021,2022-10-06,416.0
691021,2022-12-21,456.0
691021,2023-02-16,96.0
691021,2023-04-14,2360.0
691031,2022-08-22,880.0
691031,2022-09-02,16.0
691031,2022-09-08,1.0
691031,2022-12-06,460.0
691031,2023-02-16,1641.0
691031,2023-04-14,1484.0
691041,2022-09-02,6.0
691041,2022-09-08,1.0
691041,2022-12-06,690.0
691041,2023-02-16,250.0
691041,2023-04-14,3318.0
691051,2022-08-22,1.0
691051,2022-09-02,5.0
691051,2022-09-08,1.0
691051,2022-12-06,1150.0
691051,2023-02-16,513.0
691051,2023-04-14,1225.0
691061,2022-08-22,1.0
691061,2022-09-02,8.0
691061,2022-09-08,1.0
691061,2022-12-06,688.0
692041,2022-07-06,2.0
692041,2022-09-02,16.0
692041,2022-09-08,1.0
692041,2022-09-28,1260.0
692041,2022-12-06,1196.0
692041,2023-02-10,3916.0
692051,2022-07-06,2.0
692051,2022-09-02,16.0
692051,2022-09-08,1.0
692051,2022-09-28,1680.0
692051,2022-12-06,4912.0
692051,2023-02-10,7464.0
692051,2023-04-28,15296.0
692061,2022-07-06,2.0
692061,2022-09-02,12.0
692061,2022-09-08,1.0
692061,2022-09-28,1680.0
692061,2022-12-06,2928.0
692061,2023-04-28,5600.0
71,2022-06-30,720.0
71,2022-07-06,648.0
71,2022-07-14,720.0
71,2022-07-21,360.0
71,2022-07-28,840.0
71,2022-08-03,1080.0
71,2022-08-18,1440.0
71,2022-08-24,720.0
71,2022-08-31,1.0
71,2022-09-07,960.0
71,2022-09-15,480.0
71,2022-09-21,120.0
71,2022-09-28,576.0
71,2022-10-06,480.0
71,2022-10-13,720.0
71,2022-10-19,360.0
71,2022-10-26,360.0
71,2022-11-02,480.0
71,2022-11-03,72.0
71,2022-11-09,360.0
71,2022-11-16,720.0
71,2022-11-30,840.0
71,2022-12-21,1.0
71,2023-01-12,480.0
71,2023-01-19,720.0
71,2023-01-30,480.0
71,2023-02-02,480.0
71,2023-02-08,552.0
71,2023-02-15,456.0
71,2023-02-22,360.0
71,2023-03-02,408.0
71,2023-03-08,360.0
71,2023-03-13,480.0
71,2023-03-22,504.0
71,2023-04-04,552.0
71,2023-04-11,480.0
71,2023-04-19,504.0
71,2023-04-26,552.0
71,2023-05-04,552.0
71,2023-05-11,480.0
71,2023-05-17,480.0
71,2023-06-01,432.0
71,2023-06-08,552.0
71,2023-06-15,360.0
71,2023-06-22,240.0
71,2023-06-29,408.0
71,2023-07-06,480.0
71,2023-07-12,480.0
71,2023-07-20,792.0
71,2023-07-27,696.0
740011,2022-08-12,2112.0
740011,2022-09-01,2112.0
740011,2022-09-16,1056.0
740011,2022-10-06,1046.0
740011,2022-10-21,4224.0
740011,2022-11-10,2112.0
740011,2022-11-21,5280.0
740011,2022-12-15,528.0
740011,2023-01-02,2112.0
740011,2023-01-13,4224.0
740011,2023-02-23,2112.0
740011,2023-04-20,2112.0
740011,2023-05-26,434.0
740021,2022-08-12,1320.0
740021,2022-09-16,2640.0
740021,2022-10-19,2640.0
740021,2022-11-10,2640.0
740021,2023-01-13,3960.0
740021,2023-03-16,660.0
740021,2023-07-12,1320.0
740031,2023-04-20,528.0
740041,2023-05-19,264.0
740041,2023-06-27,264.0
740041,2023-07-12,528.0
740051,2022-08-12,5.0
740051,2022-10-19,654.0
740051,2022-11-10,1308.0
740051,2023-04-20,1320.0
740091,2022-09-21,3640.0
740091,2022-10-19,3640.0
740116,2022-07-04,1054.0
740116,2022-07-11,1056.0
740116,2022-08-12,828.0
740116,2022-09-01,2112.0
740116,2022-10-21,1056.0
740116,2022-12-15,528.0
740116,2023-01-13,2112.0
740116,2023-03-16,2100.0
740116,2023-04-20,2114.0
740126,2022-08-12,2.0
740126,2022-10-19,1274.0
740126,2023-03-16,1320.0
740126,2023-06-08,1320.0
740136,2023-03-16,1056.0
740146,2023-05-11,528.0
740146,2023-05-19,264.0
740146,2023-06-27,528.0
740146,2023-07-12,528.0
740156,2022-10-19,654.0
740156,2023-03-16,1320.0
740156,2023-06-27,1020.0
740176,2023-01-13,1984.0
740176,2023-02-23,446.0
740176,2023-06-08,614.0
740186,2023-02-08,957.0
740196,2022-07-04,297.0
740196,2022-09-01,297.0
740196,2022-10-19,297.0
740196,2022-11-10,594.0
740196,2023-02-23,297.0
740261,2022-09-21,1776.0
740261,2022-10-19,1727.0
740261,2022-11-10,1766.0
740261,2023-01-13,882.0
740261,2023-03-16,888.0
740261,2023-06-27,1776.0
740276,2022-09-21,840.0
740276,2022-10-11,940.0
740276,2023-06-05,980.0
740332,2022-09-21,0.0
740332,2023-04-20,2.0
750011,2022-07-11,8.0
750011,2022-09-16,8.0
750011,2022-09-21,8.0
750011,2022-11-10,8.0
750011,2022-12-06,2016.0
750011,2023-02-02,2000.0
750031,2022-10-19,1152.0
750031,2022-12-06,204.0
750031,2023-01-13,4332.0
750061,2022-11-30,120.0
750061,2023-02-02,204.0
750061,2023-02-08,204.0
750061,2023-02-23,306.0
750061,2023-04-26,204.0
750081,2022-12-08,120.0
750081,2023-02-23,102.0
750081,2023-04-20,120.0
750101,2023-02-23,297.0
750101,2023-03-16,297.0
750101,2023-04-20,297.0
750332,2023-02-08,0.0
750352,2023-05-03,334.0
750362,2023-05-03,250.0
790031,2022-08-05,20.0
790031,2022-09-08,20.0
790031,2022-10-31,20.0
790031,2022-11-18,20.0
790031,2022-12-23,20.0
790031,2023-01-06,20.0
790031,2023-03-10,20.0
790031,2023-06-01,20.0
790031,2023-07-13,20.0
790131,2022-08-05,60.0
790131,2022-09-08,30.0
790131,2022-09-22,30.0
790131,2022-09-30,30.0
790131,2022-10-21,30.0
790131,2022-11-18,60.0
790131,2023-01-06,30.0
790131,2023-01-20,30.0
790131,2023-02-03,30.0
790131,2023-02-09,30.0
790131,2023-02-17,30.0
790131,2023-03-10,30.0
790131,2023-03-17,30.0
790131,2023-03-24,10.0
790131,2023-04-07,30.0
790131,2023-05-19,60.0
790131,2023-06-01,150.0
790141,2022-08-12,30.0
790141,2022-08-29,30.0
790141,2022-09-08,30.0
790141,2022-10-21,30.0
790141,2022-11-18,30.0
790141,2022-11-25,60.0
790141,2022-12-30,30.0
790141,2023-01-06,30.0
790141,2023-01-20,30.0
790141,2023-02-09,30.0
790141,2023-03-17,30.0
790141,2023-04-07,30.0
790141,2023-05-11,30.0
790141,2023-05-19,90.0
790141,2023-06-01,30.0
790141,2023-07-13,30.0
790141,2023-07-25,30.0
790271,2022-09-05,24.0
790271,2022-09-22,24.0
790271,2022-10-21,48.0
790271,2023-03-17,24.0
790271,2023-05-18,24.0
790271,2023-05-19,24.0
790401,2022-07-29,160.0
790401,2022-08-05,80.0
790401,2022-08-12,80.0
790401,2022-08-19,80.0
790401,2022-08-29,60.0
790401,2022-09-05,120.0
790401,2022-09-08,140.0
790401,2022-10-21,40.0
790401,2022-11-18,80.0
790401,2022-11-25,40.0
790401,2022-12-09,40.0
790401,2022-12-16,160.0
790401,2022-12-28,22.0
790401,2022-12-30,20.0
790401,2023-01-06,20.0
790401,2023-01-13,20.0
790401,2023-01-20,20.0
790401,2023-01-27,84.0
790401,2023-02-03,140.0
790401,2023-02-09,20.0
790401,2023-02-17,20.0
790401,2023-02-28,78.0
790401,2023-03-24,20.0
790401,2023-04-21,60.0
790401,2023-04-28,20.0
790401,2023-05-11,60.0
790401,2023-05-18,40.0
790401,2023-05-19,40.0
790401,2023-06-08,40.0
790401,2023-07-06,9.0
790411,2022-07-22,20.0
790411,2022-08-05,120.0
790411,2022-08-12,80.0
790411,2022-08-19,80.0
790411,2022-08-29,40.0
790411,2022-09-05,80.0
790411,2022-09-08,180.0
790411,2022-10-21,40.0
790411,2022-12-23,40.0
790411,2022-12-28,18.0
790411,2023-01-09,1.0
790411,2023-01-20,20.0
790411,2023-01-27,72.0
790411,2023-02-03,80.0
790411,2023-02-09,20.0
790411,2023-02-28,78.0
790411,2023-03-24,20.0
790411,2023-04-28,40.0
790411,2023-05-11,40.0
790411,2023-05-18,40.0
790411,2023-05-19,40.0
790411,2023-06-08,80.0
790411,2023-06-29,40.0
790421,2022-08-05,140.0
790421,2022-08-12,260.0
790421,2022-08-19,180.0
790421,2022-08-29,80.0
790421,2022-09-05,200.0
790421,2022-09-08,380.0
790421,2022-11-25,40.0
790421,2022-12-09,60.0
790421,2022-12-16,220.0
790421,2022-12-28,124.0
790421,2023-01-13,60.0
790421,2023-01-20,20.0
790421,2023-01-27,199.0
790421,2023-02-03,180.0
790421,2023-02-28,167.0
790421,2023-04-21,80.0
790421,2023-05-11,140.0
790421,2023-05-18,100.0
790421,2023-05-19,40.0
790421,2023-06-08,240.0
790421,2023-07-13,260.0
790431,2022-07-29,13.0
790431,2022-08-05,144.0
790431,2022-08-19,48.0
790431,2022-08-29,240.0
790431,2022-09-05,192.0
790431,2022-09-08,120.0
790431,2022-09-22,24.0
790431,2022-10-07,96.0
790431,2022-10-14,24.0
790431,2022-10-31,48.0
790431,2022-11-09,72.0
790431,2022-11-11,96.0
790431,2022-11-18,240.0
790431,2022-11-25,312.0
790431,2023-01-09,1.0
790431,2023-01-27,173.0
790431,2023-02-17,48.0
790431,2023-03-10,72.0
790431,2023-03-17,72.0
790431,2023-03-24,72.0
790431,2023-04-21,96.0
790431,2023-05-11,24.0
790431,2023-05-18,48.0
790431,2023-05-19,72.0
790431,2023-06-01,240.0
790441,2022-08-05,24.0
790441,2022-08-29,24.0
790441,2022-09-05,72.0
790441,2022-09-08,24.0
790441,2022-09-22,24.0
790441,2022-09-30,24.0
790441,2022-10-21,96.0
790441,2022-11-25,72.0
790441,2022-12-28,12.0
790441,2023-01-06,48.0
790441,2023-01-27,20.0
790441,2023-03-10,24.0
790441,2023-04-21,24.0
790441,2023-04-28,48.0
790441,2023-05-19,24.0
790441,2023-06-01,72.0
790451,2022-08-05,72.0
790451,2022-08-12,72.0
790451,2022-08-19,72.0
790451,2022-08-29,48.0
790451,2022-09-05,120.0
790451,2022-09-08,144.0
790451,2022-10-21,96.0
790451,2022-11-11,96.0
790451,2022-11-18,72.0
790451,2022-11-25,168.0
790451,2022-12-30,120.0
790451,2023-01-06,48.0
790451,2023-01-09,1.0
790451,2023-01-13,24.0
790451,2023-01-20,48.0
790451,2023-01-27,24.0
790451,2023-02-09,120.0
790451,2023-03-24,24.0
790451,2023-03-31,48.0
790451,2023-04-07,24.0
790451,2023-04-14,24.0
790451,2023-04-21,24.0
790451,2023-04-28,24.0
790451,2023-05-18,24.0
790451,2023-05-19,48.0
790451,2023-06-01,120.0
790461,2022-07-29,24.0
790461,2022-08-05,24.0
790461,2022-08-12,24.0
790461,2022-09-08,48.0
790461,2022-09-22,24.0
790461,2022-10-14,24.0
790461,2022-10-21,144.0
790461,2022-11-11,24.0
790461,2022-11-18,96.0
790461,2023-01-20,24.0
790461,2023-02-03,24.0
790461,2023-02-09,120.0
790461,2023-02-28,8.0
790461,2023-03-17,24.0
790461,2023-03-24,72.0
790461,2023-03-31,24.0
790461,2023-04-07,3.0
790461,2023-04-21,96.0
790461,2023-05-18,24.0
790461,2023-06-01,120.0
790461,2023-07-13,24.0
790461,2023-07-25,120.0
790471,2022-08-05,24.0
790471,2022-08-19,24.0
790471,2022-09-08,24.0
790471,2022-10-14,24.0
790471,2022-10-21,48.0
790471,2022-11-18,24.0
790471,2022-12-30,24.0
790471,2023-01-27,24.0
790471,2023-02-03,24.0
790471,2023-02-09,72.0
790471,2023-02-28,15.0
790471,2023-03-24,24.0
790471,2023-03-31,24.0
790471,2023-05-18,24.0
790471,2023-06-01,120.0
790481,2022-07-29,24.0
790481,2022-08-05,24.0
790481,2022-08-12,48.0
790481,2022-09-08,48.0
790481,2022-10-21,72.0
790481,2022-11-18,48.0
790481,2022-12-30,24.0
790481,2023-01-20,24.0
790481,2023-01-27,24.0
790481,2023-02-03,48.0
790481,2023-02-09,72.0
790481,2023-02-28,17.0
790481,2023-03-10,24.0
790481,2023-03-24,72.0
790481,2023-03-31,24.0
790481,2023-04-14,24.0
790481,2023-04-21,72.0
790481,2023-05-18,72.0
790481,2023-06-01,120.0
790511,2022-07-29,30.0
790511,2022-08-05,30.0
790511,2022-08-19,30.0
790511,2022-08-29,30.0
790511,2022-09-05,60.0
790511,2022-09-08,60.0
790511,2022-10-21,60.0
790511,2022-11-18,30.0
790511,2022-11-25,60.0
790511,2022-12-09,30.0
790511,2022-12-16,90.0
790511,2023-01-09,1.0
790511,2023-01-13,30.0
790511,2023-01-20,30.0
790511,2023-02-09,90.0
790511,2023-02-24,120.0
790511,2023-03-03,90.0
790511,2023-03-24,60.0
790511,2023-03-31,30.0
790511,2023-04-07,90.0
790511,2023-04-14,30.0
790511,2023-04-21,270.0
790511,2023-06-01,150.0
790511,2023-06-08,90.0
790511,2023-07-06,30.0
790511,2023-07-27,30.0
790581,2022-07-29,25.0
790581,2022-08-05,25.0
790581,2022-08-19,25.0
790581,2022-09-08,25.0
790581,2022-10-21,25.0
790581,2022-11-11,25.0
790581,2022-11-25,25.0
790581,2022-12-30,25.0
790581,2023-02-03,25.0
790581,2023-02-09,25.0
790581,2023-05-19,25.0
790581,2023-06-01,25.0
791821,2022-12-05,12.0
791821,2023-01-06,24.0
791821,2023-01-20,48.0
791821,2023-02-09,48.0
791821,2023-02-17,48.0
791821,2023-03-17,48.0
791821,2023-04-21,24.0
791821,2023-05-18,48.0
791821,2023-05-19,24.0
791821,2023-06-01,48.0
791841,2022-12-05,12.0
791841,2022-12-30,24.0
791841,2023-01-20,48.0
791841,2023-02-09,24.0
791841,2023-02-17,72.0
791841,2023-03-17,48.0
791841,2023-05-18,48.0
791841,2023-05-19,24.0
791841,2023-06-01,48.0
791951,2023-05-02,102.0
791951,2023-05-26,30.0
791951,2023-06-23,30.0
791951,2023-07-31,60.0
791961,2023-05-02,70.0
791961,2023-05-26,60.0
800011,2022-09-16,270.0
800011,2022-10-21,270.0
800011,2022-10-31,108.0
800011,2022-12-16,54.0
800011,2022-12-30,54.0
800011,2023-01-06,270.0
800011,2023-02-09,162.0
800011,2023-03-24,108.0
800011,2023-04-07,54.0
800011,2023-04-14,54.0
800011,2023-04-21,54.0
800011,2023-05-19,270.0
800021,2022-08-05,360.0
800021,2022-08-29,60.0
800021,2022-09-05,13.0
800021,2022-10-14,180.0
800021,2022-10-31,180.0
800021,2022-12-16,60.0
800021,2022-12-23,60.0
800021,2022-12-30,60.0
800021,2023-01-06,720.0
800021,2023-01-27,180.0
800021,2023-02-03,360.0
800021,2023-02-09,180.0
800021,2023-02-17,180.0
800021,2023-03-03,60.0
800021,2023-03-17,180.0
800021,2023-03-24,60.0
800021,2023-04-07,60.0
800021,2023-04-14,60.0
800021,2023-04-21,120.0
800021,2023-05-04,60.0
800021,2023-05-18,60.0
800021,2023-05-19,600.0
800021,2023-06-29,360.0
800031,2022-08-05,216.0
800031,2022-08-12,54.0
800031,2022-09-08,108.0
800031,2022-09-16,270.0
800031,2022-10-31,162.0
800031,2023-01-06,108.0
800031,2023-02-09,54.0
800031,2023-05-19,270.0
800041,2022-08-05,31.0
800041,2022-08-12,60.0
800041,2022-09-08,120.0
800041,2022-11-25,60.0
800041,2022-12-16,60.0
800041,2022-12-30,60.0
800041,2023-01-06,60.0
800041,2023-01-09,1.0
800041,2023-01-27,60.0
800041,2023-02-09,180.0
800041,2023-03-17,180.0
800041,2023-04-14,60.0
800041,2023-05-18,60.0
800041,2023-05-19,600.0
800051,2023-01-20,60.0
800051,2023-02-09,60.0
800051,2023-04-05,60.0
800051,2023-04-21,60.0
800051,2023-05-19,600.0
800051,2023-07-06,436.0
800061,2022-08-05,120.0
800061,2022-09-05,60.0
800061,2022-09-08,120.0
800061,2022-11-11,60.0
800061,2022-12-09,60.0
800061,2023-01-06,120.0
800061,2023-01-09,1.0
800061,2023-01-13,60.0
800061,2023-01-27,60.0
800061,2023-02-03,60.0
800061,2023-02-09,60.0
800061,2023-02-28,90.0
800061,2023-03-03,180.0
800061,2023-03-17,180.0
800061,2023-04-21,60.0
800061,2023-05-04,60.0
800061,2023-05-18,60.0
800061,2023-05-19,600.0
800061,2023-06-29,120.0
800081,2022-07-15,60.0
800081,2022-07-22,90.0
800081,2022-07-29,210.0
800081,2022-08-05,750.0
800081,2022-09-16,150.0
800081,2022-10-07,60.0
800081,2022-10-14,240.0
800081,2022-10-31,60.0
800081,2022-11-25,120.0
800081,2022-12-09,80.0
800081,2022-12-23,60.0
800081,2023-01-09,1.0
800081,2023-02-09,60.0
800081,2023-02-17,120.0
800081,2023-03-03,90.0
800081,2023-03-10,120.0
800081,2023-03-17,150.0
800081,2023-03-24,28.0
800081,2023-03-31,90.0
800081,2023-04-05,210.0
800081,2023-04-14,60.0
800081,2023-04-21,210.0
800081,2023-05-11,90.0
800081,2023-05-18,30.0
800081,2023-05-19,900.0
800081,2023-06-29,150.0
800081,2023-07-06,150.0
800081,2023-07-25,306.0
80012,2023-06-15,228.0
80013,2023-06-15,12.0
80013,2023-07-17,120.0
80021,2022-12-27,1.0
80022,2023-06-15,392.0
80022,2023-06-28,200.0
80031,2022-08-16,120.0
80031,2022-08-29,29.0
80031,2022-11-07,120.0
80031,2022-12-27,1.0
80031,2023-01-10,120.0
80031,2023-02-01,1.0
80031,2023-03-06,120.0
80031,2023-03-17,60.0
80031,2023-04-05,120.0
80031,2023-05-11,240.0
80041,2022-08-29,11.0
80041,2023-01-18,48.0
80041,2023-02-02,60.0
80041,2023-02-15,120.0
80041,2023-03-06,120.0
80041,2023-03-10,240.0
80041,2023-03-17,120.0
80041,2023-04-12,120.0
80041,2023-05-11,120.0
80043,2023-06-15,1162.0
80043,2023-07-17,120.0
800431,2022-12-05,60.0
800431,2023-01-13,60.0
800431,2023-02-03,60.0
800431,2023-02-17,60.0
800431,2023-04-21,60.0
800431,2023-05-19,183.0
800481,2023-05-02,60.0
800501,2023-05-02,121.0
800501,2023-06-23,144.0
80051,2022-08-23,96.0
80051,2022-08-29,49.0
80051,2022-09-14,60.0
80051,2022-11-07,120.0
80051,2023-05-18,360.0
80061,2022-07-04,120.0
80061,2022-08-29,15.0
80061,2022-10-13,60.0
80061,2022-11-08,120.0
80061,2023-05-23,120.0
80063,2023-06-15,1041.0
80073,2023-06-15,396.0
80073,2023-07-06,240.0
80073,2023-07-13,240.0
80073,2023-07-20,240.0
80081,2022-07-20,120.0
80081,2022-08-02,120.0
80081,2022-08-29,91.0
80081,2022-09-06,120.0
80081,2022-11-08,120.0
80081,2023-02-02,60.0
80081,2023-02-15,120.0
80081,2023-03-17,60.0
80081,2023-03-29,120.0
80081,2023-04-12,120.0
80081,2023-05-11,120.0
80082,2023-06-15,48.0
80082,2023-07-06,60.0
80082,2023-07-20,120.0
80103,2023-06-15,945.0
80111,2022-08-24,120.0
80111,2022-09-02,180.0
80111,2022-09-14,60.0
80111,2022-09-22,240.0
80111,2022-10-19,180.0
80111,2022-11-07,360.0
80111,2023-01-06,144.0
80111,2023-01-18,240.0
80111,2023-02-15,240.0
80111,2023-02-23,122.0
80111,2023-03-17,360.0
80111,2023-03-29,1000.0
80121,2022-07-15,120.0
80121,2022-07-26,120.0
80121,2022-08-23,60.0
80121,2022-08-29,72.0
80121,2022-09-06,120.0
80121,2022-10-28,6.0
80121,2022-11-14,120.0
80121,2022-11-28,6.0
80121,2022-12-27,2.0
80121,2023-03-06,60.0
80121,2023-04-26,120.0
80121,2023-05-18,360.0
80151,2022-08-29,39.0
80151,2022-09-22,240.0
80151,2022-10-13,240.0
80151,2022-10-14,120.0
80151,2022-10-28,1.0
80151,2022-11-07,180.0
80151,2022-12-28,480.0
80151,2023-01-03,480.0
80151,2023-04-19,240.0
80151,2023-04-20,360.0
80151,2023-05-08,120.0
80161,2022-08-10,240.0
80161,2022-08-29,96.0
80161,2022-09-28,3.0
80161,2022-10-28,4.0
80161,2022-11-03,120.0
80161,2022-11-07,119.0
80161,2022-11-28,4.0
80161,2022-12-27,1.0
80161,2023-02-01,2.0
80161,2023-02-23,8.0
80161,2023-04-26,120.0
80161,2023-05-11,240.0
80162,2023-06-15,496.0
80162,2023-07-20,240.0
80172,2023-06-15,85.0
80211,2022-08-29,6.0
80211,2022-09-28,1.0
80211,2022-10-05,120.0
80211,2022-12-06,120.0
80211,2023-02-23,4.0
80211,2023-03-10,120.0
80211,2023-06-12,120.0
80261,2022-07-07,60.0
80261,2022-07-15,120.0
80261,2022-08-29,5.0
80261,2022-09-28,120.0
80261,2022-10-28,3.0
80261,2022-11-08,180.0
80261,2022-11-28,1.0
80261,2022-12-23,240.0
80261,2022-12-27,1.0
80261,2023-01-30,240.0
80261,2023-02-23,1.0
80281,2022-08-29,22.0
80281,2022-09-27,240.0
80281,2022-09-28,2.0
80281,2022-10-05,120.0
80281,2022-10-24,120.0
80281,2022-10-27,240.0
80281,2022-10-28,3.0
80281,2022-11-07,240.0
80281,2022-11-28,4.0
80281,2022-12-14,120.0
80281,2022-12-21,240.0
80281,2022-12-27,2.0
80281,2023-01-06,144.0
80281,2023-02-01,5.0
80281,2023-02-02,240.0
80281,2023-02-15,120.0
80281,2023-02-23,245.0
80281,2023-03-17,120.0
80281,2023-03-27,240.0
80281,2023-04-05,240.0
80281,2023-04-27,120.0
80281,2023-06-12,360.0
80301,2022-08-29,5.0
80331,2022-08-17,120.0
80331,2022-08-29,6.0
80331,2022-10-05,120.0
80331,2022-11-07,240.0
80331,2022-12-27,1.0
80331,2023-01-06,60.0
80331,2023-02-01,1.0
80331,2023-02-06,60.0
80331,2023-02-23,5.0
80331,2023-03-17,120.0
80331,2023-05-03,120.0
80351,2022-08-12,120.0
80351,2022-08-29,50.0
80351,2022-10-07,120.0
80351,2022-10-28,1.0
80351,2022-11-07,240.0
80351,2023-01-06,120.0
80351,2023-02-01,1.0
80351,2023-02-02,120.0
80351,2023-02-23,3.0
80351,2023-04-12,60.0
80351,2023-05-23,60.0
80461,2022-08-02,120.0
80461,2022-08-26,240.0
80461,2022-08-29,29.0
80461,2022-09-28,1.0
80461,2022-10-19,120.0
80461,2022-11-03,120.0
80461,2022-11-07,240.0
80461,2023-01-30,240.0
80461,2023-02-15,240.0
80461,2023-02-23,120.0
80461,2023-04-05,120.0
80461,2023-05-03,240.0
80481,2022-08-29,243.0
80481,2022-09-14,120.0
80481,2022-09-20,120.0
80481,2022-09-28,120.0
80481,2022-10-12,120.0
80481,2022-10-19,120.0
80481,2022-11-08,240.0
80481,2022-11-28,2.0
80481,2023-01-03,120.0
80481,2023-01-30,120.0
80481,2023-02-23,3.0
80481,2023-03-10,240.0
80491,2022-07-20,360.0
80491,2022-08-02,240.0
80491,2022-08-09,360.0
80491,2022-08-22,120.0
80491,2022-08-26,360.0
80491,2022-08-29,97.0
80491,2022-09-19,360.0
80491,2022-10-13,240.0
80491,2022-10-19,240.0
80491,2022-10-28,5.0
80491,2022-11-02,360.0
80491,2022-11-07,960.0
80491,2022-11-28,1.0
80491,2023-02-23,241.0
80491,2023-04-05,480.0
80491,2023-04-26,240.0
80491,2023-05-23,120.0
80491,2023-06-12,360.0
80501,2022-07-20,240.0
80501,2022-08-29,25.0
80501,2022-09-06,120.0
80501,2022-09-20,120.0
80501,2022-10-19,120.0
80501,2022-11-08,240.0
80501,2023-01-06,120.0
80501,2023-02-01,1.0
80501,2023-02-06,240.0
80501,2023-02-23,121.0
80501,2023-03-06,60.0
80501,2023-03-17,120.0
80501,2023-04-05,120.0
80501,2023-04-12,60.0
80501,2023-04-26,120.0
80501,2023-05-08,240.0
80511,2022-08-29,9.0
80511,2022-09-06,120.0
80511,2022-10-12,120.0
80511,2022-11-03,120.0
80511,2022-11-08,180.0
80511,2023-01-03,240.0
80511,2023-02-15,120.0
80511,2023-03-06,60.0
80511,2023-04-12,60.0
80511,2023-05-03,60.0
80521,2022-07-04,120.0
80521,2022-08-29,16.0
80521,2022-10-12,120.0
80521,2022-10-19,120.0
80521,2022-10-28,1.0
80521,2022-11-03,120.0
80521,2022-11-07,240.0
80521,2023-02-02,120.0
80521,2023-02-15,120.0
80521,2023-02-23,2.0
80521,2023-03-06,60.0
80521,2023-06-12,120.0
80581,2022-08-09,60.0
80581,2022-08-22,60.0
80581,2022-09-14,72.0
80581,2022-09-28,120.0
80581,2022-10-13,120.0
80581,2022-10-24,60.0
80581,2022-11-08,180.0
80581,2022-12-23,180.0
80581,2023-01-03,360.0
80581,2023-02-15,72.0
80581,2023-02-23,60.0
80581,2023-03-29,120.0
80581,2023-04-12,480.0
80852,2022-09-14,19.0
80922,2023-04-13,2.0
810071,2022-08-05,22.0
810071,2022-08-12,44.0
810071,2022-08-29,70.0
810071,2022-09-08,44.0
810071,2022-09-22,152.0
810071,2022-10-14,66.0
810071,2022-10-21,220.0
810071,2022-11-18,110.0
810071,2022-11-25,88.0
810071,2022-12-02,22.0
810071,2022-12-06,22.0
810071,2022-12-09,220.0
810071,2022-12-23,66.0
810071,2022-12-28,56.0
810071,2022-12-30,242.0
810071,2023-01-06,154.0
810071,2023-01-09,5.0
810071,2023-01-20,132.0
810071,2023-01-27,197.0
810071,2023-02-09,110.0
810071,2023-02-17,44.0
810071,2023-02-28,187.0
810071,2023-03-03,132.0
810071,2023-03-24,132.0
810071,2023-04-07,23.0
810071,2023-04-14,132.0
810071,2023-04-21,110.0
810071,2023-05-04,88.0
810071,2023-06-01,440.0
810091,2022-08-29,24.0
810091,2022-09-05,48.0
810091,2022-09-08,72.0
810091,2023-06-08,120.0
810101,2022-08-05,24.0
810101,2022-08-29,24.0
810101,2022-09-05,48.0
810101,2022-09-08,72.0
810101,2022-10-07,24.0
810101,2022-10-14,48.0
810101,2022-10-21,24.0
810101,2022-11-11,72.0
810101,2022-12-23,24.0
810101,2022-12-30,24.0
810101,2023-01-13,24.0
810101,2023-01-20,24.0
810101,2023-02-17,24.0
810101,2023-03-03,48.0
810101,2023-03-17,24.0
810101,2023-03-24,24.0
810101,2023-04-07,24.0
810101,2023-04-21,72.0
810101,2023-06-08,96.0
810101,2023-07-13,24.0
81012,2023-07-06,1.0
810211,2023-02-28,134.0
810211,2023-03-03,40.0
810211,2023-03-10,4.0
810211,2023-03-24,48.0
810211,2023-04-07,40.0
810211,2023-04-14,40.0
810211,2023-04-21,80.0
810211,2023-05-04,20.0
810211,2023-05-18,16.0
810211,2023-05-19,80.0
810211,2023-06-01,160.0
810211,2023-06-08,80.0
810211,2023-07-06,120.0
810211,2023-07-13,40.0
810211,2023-07-25,180.0
810211,2023-07-27,4.0
810221,2023-02-28,121.0
810221,2023-03-03,108.0
810221,2023-03-10,36.0
810221,2023-03-24,118.0
810221,2023-04-07,48.0
810221,2023-04-14,96.0
810221,2023-04-21,84.0
810221,2023-05-04,12.0
810221,2023-05-18,48.0
810221,2023-05-19,240.0
810221,2023-06-01,240.0
810221,2023-06-08,60.0
810221,2023-07-25,240.0
810241,2023-05-02,49.0
810241,2023-05-26,24.0
810241,2023-06-23,24.0
810241,2023-07-28,144.0
810251,2023-05-02,48.0
810251,2023-07-28,52.0
810271,2023-05-02,60.0
810271,2023-05-26,40.0
810271,2023-06-23,20.0
810281,2023-05-02,36.0
810281,2023-05-26,36.0
810291,2023-05-02,110.0
810291,2023-06-23,499.0
81633,2022-07-20,240.0
81633,2022-08-16,240.0
81633,2022-08-29,16.0
81633,2022-09-06,240.0
81633,2022-09-22,240.0
81633,2022-09-28,120.0
81633,2022-10-13,240.0
81633,2022-10-24,120.0
81633,2022-10-27,240.0
81633,2022-11-03,39.0
81633,2022-12-26,240.0
81633,2023-01-06,360.0
81633,2023-01-18,240.0
81633,2023-01-30,240.0
81633,2023-02-15,360.0
81633,2023-02-23,360.0
81633,2023-03-06,120.0
81633,2023-03-17,360.0
81633,2023-04-19,240.0
81633,2023-05-03,120.0
81633,2023-05-15,600.0
81633,2023-05-18,1200.0
81643,2022-08-29,18.0
81643,2022-09-28,360.0
81643,2022-12-15,240.0
81643,2023-01-30,120.0
81643,2023-02-01,2.0
81643,2023-02-23,242.0
81643,2023-04-26,120.0
81643,2023-05-11,240.0
81673,2022-07-26,240.0
81673,2022-08-09,720.0
81673,2022-08-16,1.0
81673,2022-08-22,1200.0
81673,2022-08-29,15.0
81673,2022-10-19,240.0
81673,2022-11-24,1400.0
81673,2022-12-28,1.0
81673,2023-01-06,1200.0
81673,2023-04-26,600.0
81673,2023-05-23,360.0
81673,2023-06-12,320.0
81724,2022-07-15,120.0
81724,2022-07-26,240.0
81724,2022-09-06,120.0
81724,2022-10-05,240.0
81724,2022-11-07,240.0
81724,2022-12-26,240.0
81724,2023-01-06,120.0
81724,2023-01-30,120.0
81724,2023-02-06,240.0
81724,2023-02-23,360.0
81724,2023-04-05,240.0
81724,2023-05-15,360.0
81754,2022-08-29,5.0
81754,2022-09-19,120.0
81754,2022-10-20,13.0
81754,2022-11-11,360.0
81754,2023-03-17,60.0
81784,2022-07-07,240.0
81784,2022-07-20,240.0
81784,2022-09-02,240.0
81784,2022-09-14,60.0
81784,2022-09-20,120.0
81784,2022-11-07,360.0
81784,2023-01-06,120.0
81784,2023-01-18,240.0
81784,2023-01-30,120.0
81784,2023-02-02,480.0
81784,2023-02-06,240.0
81784,2023-02-15,108.0
81784,2023-02-23,480.0
81784,2023-03-29,360.0
81784,2023-04-05,540.0
81784,2023-04-26,360.0
81784,2023-05-08,360.0
81784,2023-05-15,600.0
81784,2023-05-18,1200.0
81871,2022-07-20,120.0
81871,2022-11-08,120.0
81871,2023-04-26,60.0
81871,2023-06-12,120.0
81901,2022-08-02,120.0
81901,2022-11-08,120.0
81901,2023-04-26,60.0
81901,2023-05-18,240.0
81941,2022-09-15,80.0
81941,2022-09-21,40.0
81941,2022-09-27,120.0
81941,2022-09-28,20.0
81941,2022-10-28,6.0
81941,2022-11-07,180.0
81941,2023-02-23,3.0
81943,2022-09-13,120.0
81943,2022-09-22,120.0
81943,2022-10-19,360.0
81943,2022-10-24,120.0
81943,2022-11-07,320.0
81943,2022-12-06,240.0
81943,2022-12-14,240.0
81943,2023-01-03,480.0
81943,2023-03-06,492.0
81943,2023-05-08,360.0
81943,2023-05-15,600.0
81953,2022-09-28,240.0
81953,2022-10-13,120.0
81953,2022-11-03,240.0
81953,2022-11-07,1.0
81953,2023-01-20,500.0
81963,2022-09-28,240.0
81963,2022-11-07,600.0
81963,2023-02-06,120.0
81963,2023-02-15,120.0
81963,2023-03-29,120.0
81963,2023-04-12,240.0
81963,2023-04-17,120.0
81983,2022-10-05,120.0
81983,2022-10-19,80.0
81983,2022-12-16,240.0
81983,2022-12-26,240.0
81983,2023-01-03,360.0
81983,2023-01-06,360.0
81983,2023-01-30,360.0
81983,2023-02-15,240.0
81983,2023-02-23,360.0
81983,2023-03-06,240.0
81983,2023-03-17,600.0
81983,2023-03-29,240.0
81983,2023-04-05,240.0
81983,2023-04-12,240.0
81983,2023-04-26,360.0
81983,2023-05-03,384.0
82013,2022-10-05,120.0
82013,2023-01-30,120.0
82013,2023-03-17,120.0
82013,2023-04-26,120.0
82033,2023-04-19,60.0
82071,2023-06-15,133.0
82101,2023-06-15,47.0
82101,2023-06-22,240.0
82101,2023-07-20,120.0
82111,2023-06-15,111.0
82111,2023-07-13,120.0
82111,2023-07-17,120.0
82121,2023-06-15,487.0
82121,2023-07-20,120.0
82131,2023-06-15,20.0
82131,2023-06-22,120.0
82131,2023-07-20,120.0
82141,2023-06-15,104.0
82141,2023-07-06,240.0
82141,2023-07-20,120.0
82151,2023-06-15,391.0
82151,2023-07-06,240.0
82151,2023-07-13,360.0
82151,2023-07-20,360.0
82201,2023-06-15,74.0
82201,2023-07-13,120.0
83,2022-06-30,280.0
83,2022-11-30,560.0
83,2023-03-08,98.0
83,2023-03-22,70.0
83,2023-04-04,42.0
83,2023-04-11,28.0
83,2023-04-19,98.0
83,2023-04-26,70.0
83,2023-05-04,14.0
83,2023-05-11,42.0
83,2023-06-01,140.0
83,2023-06-22,70.0
83,2023-06-29,42.0
83,2023-07-12,28.0
83,2023-07-20,28.0
83,2023-07-27,98.0
83001,2023-06-15,25.0
83001,2023-06-22,120.0
83001,2023-07-13,120.0
83681,2023-06-15,50.0
83681,2023-07-06,120.0
83961,2023-06-15,290.0
83961,2023-07-20,120.0
83971,2023-06-15,85.0
83971,2023-07-06,120.0
83971,2023-07-20,120.0
83981,2023-06-15,35.0
83981,2023-06-22,240.0
83981,2023-07-20,360.0
84001,2023-06-15,215.0
84001,2023-07-06,120.0
84001,2023-07-20,360.0
84612,2023-07-06,3000.0
84931,2022-07-20,120.0
84931,2022-08-29,3.0
84931,2022-10-28,1.0
84931,2022-11-02,120.0
84931,2022-11-29,1.0
84931,2022-12-06,120.0
84931,2023-01-10,120.0
84931,2023-02-01,1.0
84931,2023-02-15,120.0
84931,2023-05-11,120.0
84943,2022-07-26,240.0
84943,2022-08-23,120.0
84943,2022-09-05,38.0
84943,2022-09-06,240.0
84943,2022-09-28,120.0
84943,2022-10-14,240.0
84943,2022-10-27,240.0
84943,2022-11-07,360.0
84943,2022-11-14,504.0
84943,2023-01-10,360.0
84943,2023-02-02,120.0
84943,2023-02-15,240.0
84943,2023-02-23,360.0
84943,2023-03-29,360.0
84943,2023-04-19,120.0
84943,2023-04-26,240.0
84943,2023-05-18,600.0
84943,2023-06-12,240.0
85001,2023-06-15,164.0
85001,2023-06-28,240.0
85001,2023-07-06,2.0
85001,2023-07-13,240.0
85061,2023-06-15,113.0
85061,2023-07-20,120.0
85132,2023-07-20,616.0
85191,2022-09-22,120.0
85191,2022-11-08,120.0
85191,2023-05-18,240.0
85201,2022-09-28,1.0
85201,2022-10-05,120.0
85201,2022-11-08,240.0
85201,2023-02-02,60.0
85201,2023-03-29,120.0
85201,2023-04-12,120.0
85201,2023-06-12,120.0
85211,2022-07-26,240.0
85211,2022-09-28,2.0
85211,2022-10-05,120.0
85211,2022-10-28,4.0
85211,2022-11-08,360.0
85211,2022-11-28,2.0
85211,2022-12-27,1.0
85211,2023-02-01,4.0
85211,2023-02-02,60.0
85211,2023-02-15,120.0
85211,2023-02-23,1.0
85211,2023-03-29,120.0
85211,2023-04-12,120.0
85521,2023-06-15,64.0
85521,2023-06-22,120.0
85541,2023-06-15,31.0
85541,2023-06-28,120.0
85701,2023-03-29,120.0
85701,2023-05-11,60.0
85711,2023-04-26,120.0
85711,2023-05-03,60.0
85711,2023-05-08,60.0
85718,2023-04-12,0.0
85718,2023-06-15,1291.0
85723,2023-05-16,600.0
85723,2023-05-18,120.0
85723,2023-05-23,120.0
85741,2023-06-15,141.0
85751,2023-06-15,220.0
870061,2023-02-27,10.0
870061,2023-03-23,20.0
870061,2023-04-25,40.0
870061,2023-06-08,60.0
870401,2023-02-27,30.0
870401,2023-03-23,20.0
870401,2023-04-11,60.0
870401,2023-04-25,120.0
870401,2023-06-08,60.0
880001,2023-02-27,30.0
880011,2023-02-27,30.0
880011,2023-04-14,50.0
880021,2023-02-27,60.0
880031,2023-02-27,60.0
880041,2023-02-27,60.0
880051,2023-02-27,60.0
900021,2023-05-04,240.0
900041,2023-05-16,240.0
900051,2023-05-04,80.0
900051,2023-06-22,40.0
900071,2023-05-04,80.0
900071,2023-05-30,120.0
900071,2023-06-22,120.0
900071,2023-06-28,80.0
900101,2023-05-04,108.0
900101,2023-05-16,36.0
900101,2023-07-27,108.0
900161,2023-05-04,80.0
900161,2023-05-30,30.0
900161,2023-06-22,20.0
900161,2023-06-28,10.0
900161,2023-07-18,50.0
900171,2023-05-04,80.0
900171,2023-06-28,20.0
900181,2023-05-04,30.0
900181,2023-05-30,40.0
900181,2023-06-22,20.0
900181,2023-06-28,10.0
900181,2023-07-27,10.0
900202,2023-05-04,0.0
900202,2023-05-16,0.0
900202,2023-07-31,0.0
93,2022-08-08,150.0
93,2022-12-21,60.0
93,2023-01-05,40.0
93,2023-01-19,20.0
93,2023-02-02,20.0
93,2023-02-08,40.0
93,2023-02-15,20.0
93,2023-04-26,80.0
93,2023-05-04,20.0
93,2023-05-11,40.0
93,2023-05-17,40.0
93,2023-05-24,20.0
93,2023-06-29,20.0
93,2023-07-12,40.0
93,2023-07-20,60.0
993801,2022-07-21,50.0
993801,2022-07-22,200.0
993801,2022-07-27,10.0
ML0002,2023-05-15,0.0
10011,2023-09-01,2.0
10011,2023-09-01,6.0
