,상품코드_WMS_,mean_stock
0,10011,204.43859649122808
1,10021,204.68421052631578
2,10031,274.70175438596493
3,10041,430.5263157894737
4,10051,85.64912280701755
5,10061,339.0701754385965
6,10072,5319.543859649123
7,10081,1407.4912280701753
8,10093,40.36842105263158
9,10103,26.035087719298247
10,103001,0.0
11,11,2140.684210526316
12,130131,0.0
13,150171,0.0
14,150181,0.0
15,150191,0.0
16,150201,0.0
17,170011,167.05263157894737
18,170021,95.10526315789474
19,170031,71.52631578947368
20,170041,0.0
21,170051,0.0
22,170061,0.0
23,170071,559.7017543859649
24,170081,12.052631578947368
25,170091,56.70175438596491
26,170101,21.31578947368421
27,170113,28.0
28,170123,19.666666666666668
29,170133,11.070175438596491
30,170141,0.0
31,170151,0.0
32,170161,0.0
33,170171,0.0
34,170183,0.0
35,170193,0.0
36,170203,3.789473684210526
37,170211,83.03508771929825
38,170221,5.473684210526316
39,170231,189.49122807017545
40,170251,0.0
41,170261,0.0
42,170271,27.087719298245613
43,170281,34.50877192982456
44,170291,55.64912280701754
45,170301,0.0
46,170313,0.0
47,170323,0.0
48,170343,0.0
49,170353,0.0
50,170363,0.3508771929824561
51,170383,5.56140350877193
52,170393,0.0
53,170413,0.0
54,170422,0.0
55,170432,59.578947368421055
56,170442,0.0
57,170462,0.0
58,170472,50.80701754385965
59,170482,31.17543859649123
60,173001,173.75438596491227
61,173011,0.0
62,173021,0.0
63,173031,0.0
64,173041,0.0
65,173051,0.0
66,173071,0.0
67,173081,0.0
68,173091,0.0
69,173121,0.0
70,173132,0.0
71,173141,0.0
72,173191,0.0
73,173211,0.0
74,173221,0.0
75,173231,0.0
76,173251,0.0
77,173261,19.94736842105263
78,173271,52.21052631578947
79,173281,47.8421052631579
80,173292,0.0
81,173301,0.0
82,173341,11.719298245614034
83,173351,0.0
84,173361,0.0
85,173371,72.66666666666667
86,173413,0.0
87,173443,0.0
88,173453,0.0
89,173483,0.0
90,173501,127.80701754385964
91,173511,0.0
92,173521,0.0
93,173541,0.0
94,173551,25.333333333333332
95,173601,0.0
96,173611,0.0
97,173621,0.0
98,173631,99.15789473684211
99,173646,301.3157894736842
100,173656,188.1578947368421
101,173666,123.24561403508773
102,173676,42.10526315789474
103,173686,43.85964912280702
104,173706,0.0
105,173756,20.526315789473685
106,173766,42.80701754385965
107,173776,73.6842105263158
108,173801,0.0
109,173812,77.26315789473684
110,173861,185.08771929824562
111,173881,5.12280701754386
112,183242,0.0
113,184411,1.3508771929824561
114,184412,0.0
115,184421,2.9298245614035086
116,184422,17.42105263157895
117,190021,62.94736842105263
118,190031,2.210526315789474
119,190041,69.71929824561404
120,190071,23.263157894736842
121,190091,11.912280701754385
122,190101,9.350877192982455
123,190111,11.280701754385966
124,190161,19.105263157894736
125,190171,1.719298245614035
126,190181,16.666666666666668
127,190191,2.7719298245614037
128,190201,3.526315789473684
129,190211,0.7192982456140351
130,190221,0.0
131,190231,6.140350877192983
132,190251,1.7894736842105263
133,190261,6.842105263157895
134,190271,10.912280701754385
135,190281,23.0
136,190291,0.8771929824561403
137,190301,35.8421052631579
138,190311,14.701754385964913
139,190321,2.192982456140351
140,190331,22.385964912280702
141,190341,25.912280701754387
142,190351,6.964912280701754
143,190432,0.0
144,190442,0.0
145,190512,0.0
146,190602,0.0
147,190662,0.21052631578947367
148,190692,0.0
149,190753,0.0
150,193222,0.0
151,193721,8.368421052631579
152,193731,52.56140350877193
153,193751,4.228070175438597
154,193772,10.052631578947368
155,194002,7.842105263157895
156,194012,7.7894736842105265
157,21,1164.9473684210527
158,210013,23.228070175438596
159,210021,899.1578947368421
160,210031,48.92982456140351
161,210041,0.0
162,210071,4.56140350877193
163,210091,122.28070175438596
164,210101,1833.842105263158
165,210111,0.0
166,210121,77.43859649122807
167,210141,62.75438596491228
168,210151,51.421052631578945
169,210161,101.56140350877193
170,210181,105.73684210526316
171,210191,104.19298245614036
172,210201,282.2280701754386
173,210221,391.70175438596493
174,210241,59.56140350877193
175,210271,0.0
176,210371,45.719298245614034
177,210381,12.035087719298245
178,210401,58.56140350877193
179,210411,26.82456140350877
180,210422,0.0
181,210441,15.56140350877193
182,210462,0.0
183,210471,4.385964912280702
184,210472,0.0
185,210481,5.0
186,210482,0.0
187,210491,60.228070175438596
188,210512,0.0
189,210522,0.0
190,210541,17.05263157894737
191,210542,0.0
192,210552,12.508771929824562
193,210561,30.31578947368421
194,210562,51.12280701754386
195,210571,3.0
196,210572,153.49122807017545
197,210591,12.701754385964913
198,210672,161.8421052631579
199,210682,160.71929824561403
200,210722,0.0
201,210782,0.0
202,210813,269.8070175438597
203,210823,52.0
204,213052,0.0
205,213062,0.0
206,213092,0.0
207,213332,0.0
208,213342,7.0701754385964914
209,213361,243.3859649122807
210,213381,0.0
211,213391,0.0
212,213412,0.0
213,213452,53.8421052631579
214,213511,322.87719298245617
215,213513,214.73684210526315
216,213514,103.24561403508773
217,213520,24.50877192982456
218,213532,156.12280701754386
219,213545,9.192982456140351
220,213561,0.0
221,213585,0.0
222,213605,111.45614035087719
223,213615,156.6315789473684
224,213625,33.98245614035088
225,213631,0.0
226,213641,19.0
227,213651,0.0
228,213761,55.63157894736842
229,220281,0.0
230,220833,0.0
231,23001,0.0
232,23011,0.0
233,23031,0.0
234,23041,0.0
235,23062,0.0
236,23072,0.0
237,23082,0.0
238,23092,0.0
239,23102,28.07017543859649
240,23112,41.228070175438596
241,23122,0.0
242,23132,0.0
243,23142,0.0
244,23152,0.0
245,23161,0.0
246,23171,0.0
247,23181,0.0
248,23191,0.0
249,23201,31.17543859649123
250,23211,131.5438596491228
251,23221,0.0
252,23241,0.0
253,23251,27.157894736842106
254,23261,0.0
255,23271,0.0
256,23281,0.0
257,23291,0.0
258,23301,0.0
259,23311,0.0
260,23331,32.12280701754386
261,23341,29.526315789473685
262,23351,0.0
263,23371,0.0
264,23381,0.0
265,23391,0.0
266,23401,0.0
267,23411,0.0
268,23421,0.0
269,23431,0.0
270,23501,22.982456140350877
271,23571,0.0
272,23591,0.0
273,23661,0.0
274,23692,0.8771929824561403
275,23702,1.7543859649122806
276,23722,44.21052631578947
277,23741,0.0
278,23771,1.7543859649122806
279,23812,3.508771929824561
280,23813,5.7894736842105265
281,250011,3629.7894736842104
282,250021,9548.0
283,250031,182.43859649122808
284,250041,17004.912280701756
285,250051,128.33333333333334
286,250061,1520.6666666666667
287,250071,14874.842105263158
288,250081,1426.140350877193
289,250091,2243.8947368421054
290,250101,4375.2807017543855
291,250111,415.63157894736844
292,250121,0.0
293,250131,547.0526315789474
294,250141,0.0
295,250151,614.1578947368421
296,250161,0.0
297,250171,74.17543859649123
298,250181,145.140350877193
299,250191,0.0
300,250201,53.92982456140351
301,250211,43.3859649122807
302,250221,10.649122807017545
303,250252,0.0
304,250262,1896.280701754386
305,250272,2927.6491228070176
306,250292,0.0
307,250312,169.56140350877192
308,250322,1152.438596491228
309,250332,900.1578947368421
310,250342,1098.3684210526317
311,250372,0.0
312,250393,62.24561403508772
313,250403,65.59649122807018
314,250413,169.94736842105263
315,250423,398.3333333333333
316,250433,229.9298245614035
317,250443,139.140350877193
318,250453,212.859649122807
319,250463,25.17543859649123
320,250473,67.50877192982456
321,250483,198.47368421052633
322,250493,63.3859649122807
323,250503,12.666666666666666
324,250513,0.0
325,250523,61.75438596491228
326,250533,81.36842105263158
327,250543,63.03508771929825
328,250553,0.0
329,250563,121.6140350877193
330,250593,24.87719298245614
331,250603,30.719298245614034
332,250631,133.19298245614036
333,250641,769.1578947368421
334,250651,144.68421052631578
335,250662,1650.6842105263158
336,250671,1928.017543859649
337,250681,234.28070175438597
338,250711,136.10526315789474
339,250723,106.17543859649123
340,250733,131.03508771929825
341,250751,565.6315789473684
342,250761,192.50877192982455
343,250791,1015.1754385964912
344,250801,275.50877192982455
345,250813,118.80701754385964
346,250823,63.94736842105263
347,250841,140.859649122807
348,250851,96.56140350877193
349,250872,0.5263157894736842
350,250901,68.50877192982456
351,250911,194.19298245614036
352,250922,31.228070175438596
353,250931,981.7017543859649
354,250942,634.8070175438596
355,250952,590.6491228070175
356,250982,121.47368421052632
357,250993,338.43859649122805
358,251003,185.43859649122808
359,251013,94.66666666666667
360,251023,203.87719298245614
361,251033,120.01754385964912
362,251042,206.03508771929825
363,251052,0.0
364,251062,768.8421052631579
365,251072,55.40350877192982
366,263011,0.0
367,263081,0.0
368,263091,0.0
369,263101,0.0
370,263111,0.0
371,263171,0.0
372,263181,0.0
373,263231,0.0
374,263331,0.0
375,263341,0.0
376,263371,0.0
377,263451,0.0
378,263511,0.0
379,263561,0.0
380,263601,0.0
381,263611,0.0
382,263751,0.0
383,263761,0.0
384,263791,0.0
385,263801,0.0
386,263851,0.0
387,263871,46.0
388,263872,104.87719298245614
389,263873,72.64912280701755
390,263874,73.08771929824562
391,263881,646.6491228070175
392,263891,587.3508771929825
393,263901,1307.9298245614036
394,263911,647.2456140350877
395,263921,591.2982456140351
396,263931,206.31578947368422
397,263941,67.17543859649123
398,263951,117.0701754385965
399,263961,67.43859649122807
400,263971,192.57894736842104
401,263981,502.280701754386
402,263991,133.87719298245614
403,264001,250.4561403508772
404,264011,175.01754385964912
405,264021,105.29824561403508
406,264031,192.01754385964912
407,264041,52.49122807017544
408,264042,1335.0877192982457
409,264043,59.473684210526315
410,264051,125.03508771929825
411,264061,39.07017543859649
412,264071,90.78947368421052
413,264081,90.89473684210526
414,264091,63.3859649122807
415,264101,139.33333333333334
416,264111,373.43859649122805
417,264121,202.4561403508772
418,264131,120.7719298245614
419,264151,661.0701754385965
420,264161,661.0701754385965
421,264171,124.03508771929825
422,264172,167.12280701754386
423,264175,34.228070175438596
424,264176,33.78947368421053
425,264200,1569.0350877192982
426,264201,1500.0877192982457
427,264202,1503.8947368421052
428,264203,1522.2631578947369
429,283815,0.0
430,3006,0.0
431,3046,55.80701754385965
432,31,1547.0526315789473
433,3102,144.59649122807016
434,3122,1205.7719298245613
435,3153,0.0
436,3165,119.26315789473684
437,3175,17.49122807017544
438,3186,5241.491228070176
439,3192,733.8245614035088
440,320011,572.9649122807018
441,320021,678.9298245614035
442,320031,231.7017543859649
443,320041,538.0877192982456
444,320051,183.03508771929825
445,320061,575.1578947368421
446,320071,265.8421052631579
447,320081,283.9298245614035
448,320091,566.4912280701755
449,3201,18.859649122807017
450,320101,266.42105263157896
451,320111,413.1929824561403
452,320121,640.6140350877193
453,320131,1288.9298245614036
454,320141,601.719298245614
455,320151,178.82456140350877
456,320171,503.56140350877195
457,320181,199.2280701754386
458,320261,492.6842105263158
459,320271,962.0
460,320281,187.7719298245614
461,320301,5708.070175438596
462,320311,357.43859649122805
463,320341,0.0
464,320361,880.9298245614035
465,320371,719.6842105263158
466,320381,3389.9298245614036
467,320391,257.7368421052632
468,320421,53.96491228070175
469,320441,381.82456140350877
470,320451,431.9824561403509
471,320461,6308.140350877193
472,320471,9921.228070175439
473,320491,1526.421052631579
474,320501,1406.6491228070176
475,320511,3153.877192982456
476,320521,2130.3508771929824
477,320531,2140.6315789473683
478,320541,2966.59649122807
479,320551,668.438596491228
480,320561,946.2631578947369
481,320571,496.56140350877195
482,320582,0.0
483,320602,0.0
484,320652,0.0
485,320841,132.64912280701753
486,320851,46.24561403508772
487,320861,41.45614035087719
488,320871,36.8421052631579
489,320891,0.0
490,320901,334.280701754386
491,320911,480.4035087719298
492,320921,155.33333333333334
493,320931,704.9473684210526
494,320941,232.50877192982455
495,320951,515.2280701754386
496,320961,267.50877192982455
497,321001,476.17543859649123
498,321011,1025.9649122807018
499,321021,322.6842105263158
500,321032,119.05263157894737
501,321042,112.9298245614035
502,321052,35.08771929824562
503,321062,469.8421052631579
504,321072,145.49122807017545
505,3211,6.175438596491228
506,321115,0.0
507,321155,0.0
508,321185,0.0
509,321306,0.0
510,321326,0.0
511,321336,0.0
512,321346,0.0
513,321356,0.0
514,321362,1688.4561403508771
515,321412,0.0
516,321422,0.0
517,321452,0.0
518,321462,1252.298245614035
519,321472,0.0
520,321481,0.0
521,321491,0.0
522,321501,0.0
523,321511,0.0
524,321521,0.0
525,321531,0.0
526,321541,0.0
527,321551,0.0
528,321563,0.0
529,321582,0.0
530,321592,0.0
531,321601,1170.0350877192982
532,321611,1108.5263157894738
533,321621,1192.7368421052631
534,321631,1173.3859649122808
535,321642,3764.0701754385964
536,321652,2193.0877192982457
537,321662,1255.6315789473683
538,321672,1759.2105263157894
539,321682,252.98245614035088
540,321691,359.2456140350877
541,321701,257.9298245614035
542,321711,180.5438596491228
543,321722,931.561403508772
544,321751,225.87719298245614
545,321761,284.82456140350877
546,321771,311.57894736842104
547,321781,218.08771929824562
548,321791,583.421052631579
549,321801,304.12280701754383
550,321811,803.1228070175439
551,321821,270.5263157894737
552,321831,363.49122807017545
553,321841,335.7719298245614
554,321851,645.0350877192982
555,321861,292.10526315789474
556,321871,729.3859649122807
557,321881,691.1228070175439
558,321891,262.719298245614
559,321902,1650.017543859649
560,321912,2791.3684210526317
561,321922,0.0
562,321932,0.0
563,321942,0.0
564,321952,0.0
565,321962,0.0
566,321972,0.0
567,321982,0.0
568,321992,0.0
569,322002,0.0
570,322012,0.0
571,322022,0.0
572,322032,0.0
573,322042,0.0
574,322056,31.228070175438596
575,322066,1968.7368421052631
576,322076,30.035087719298247
577,322092,853.6842105263158
578,322102,853.6842105263158
579,322116,3485.4736842105262
580,322121,241.6140350877193
581,322136,753.8245614035088
582,322142,266.3157894736842
583,41,4472.912280701755
584,50011,0.0
585,50021,0.0
586,50031,0.0
587,50041,0.0
588,50061,0.0
589,50081,0.0
590,50091,0.0
591,50101,0.0
592,50121,0.0
593,50131,0.0
594,50141,0.0
595,50151,0.0
596,50161,0.0
597,50171,0.0
598,50191,0.0
599,50201,0.0
600,50241,0.0
601,50271,0.0
602,50281,0.0
603,50321,0.0
604,50351,0.0
605,50361,0.0
606,50381,0.0
607,50411,0.0
608,50421,0.0
609,50441,0.0
610,50451,0.0
611,50461,0.0
612,50471,0.0
613,51,461.43859649122805
614,540011,0.0
615,540021,0.0
616,540031,0.0
617,540041,34.3859649122807
618,540051,0.0
619,540061,0.0
620,540071,0.0
621,540081,0.5789473684210527
622,540091,0.0
623,540101,2.6842105263157894
624,540111,0.0
625,540121,0.0
626,540131,0.0
627,540141,0.0
628,540151,0.0
629,540162,0.0
630,540172,0.0
631,540182,0.0
632,540202,0.0
633,540212,0.0
634,540222,0.0
635,540232,0.0
636,540242,0.0
637,540252,0.0
638,540262,0.0
639,540272,0.0
640,540282,0.0
641,540292,0.0
642,540302,0.0
643,540312,0.0
644,540322,0.0
645,540332,0.0
646,540342,0.0
647,540362,0.0
648,540671,36.36842105263158
649,543021,0.0
650,543031,0.0
651,543041,0.0
652,543062,0.0
653,543082,0.0
654,543112,0.0
655,543122,0.0
656,560021,0.0
657,560041,0.0
658,560061,0.0
659,560081,0.0
660,560091,0.0
661,560101,0.0
662,560121,0.0
663,560131,0.0
664,560191,0.0
665,560211,0.0
666,560221,288.05263157894734
667,560291,0.47368421052631576
668,560311,0.0
669,560361,0.0
670,560381,0.0
671,560391,0.0
672,560411,0.0
673,560431,0.0
674,560471,0.0
675,560501,0.0
676,560521,3992.59649122807
677,560541,0.0
678,560561,0.0
679,560571,312.0701754385965
680,560581,0.0
681,560591,0.0
682,560621,0.0
683,560671,0.0
684,560701,0.0
685,560731,0.0
686,560741,0.0
687,560751,0.0
688,560762,4560.80701754386
689,560772,2676.4736842105262
690,560782,0.0
691,560802,0.0
692,560812,0.0
693,560822,0.0
694,560886,0.0
695,560941,1.368421052631579
696,560972,0.0
697,560983,0.0
698,560991,0.0
699,560992,0.0
700,561002,6400.263157894737
701,561022,9342.578947368422
702,61,2764.59649122807
703,643001,0.0
704,643002,0.0
705,650001,0.0
706,650011,0.0
707,650021,0.0
708,650031,0.0
709,650041,3.4210526315789473
710,650051,0.0
711,650061,0.0
712,650071,0.0
713,650081,0.0
714,650091,0.0
715,650101,4.052631578947368
716,650111,23.140350877192983
717,650121,0.0
718,650131,23.912280701754387
719,650151,13.68421052631579
720,650161,0.0
721,650171,2.7719298245614037
722,650181,0.0
723,650191,136.96491228070175
724,650201,0.0
725,650211,17.42105263157895
726,650221,0.0
727,650231,0.0
728,650241,0.0
729,650251,3.719298245614035
730,650271,22.385964912280702
731,650281,7.315789473684211
732,650291,21.157894736842106
733,650301,0.0
734,650311,0.0
735,650321,0.0
736,650331,20.017543859649123
737,650341,0.0
738,650351,0.0
739,650411,0.0
740,650431,0.0
741,650441,0.0
742,650451,0.0
743,650461,0.0
744,650471,0.0
745,650481,17.92982456140351
746,650491,0.0
747,650501,0.0
748,650511,7.105263157894737
749,650521,0.9649122807017544
750,650531,0.0
751,650541,0.0
752,650551,6.719298245614035
753,650561,0.0
754,650571,0.0
755,650591,0.0
756,650601,0.07017543859649122
757,650611,0.0
758,650641,0.0
759,650721,0.0
760,650751,0.0
761,650781,0.0
762,650811,0.0
763,650861,0.0
764,650902,248.80701754385964
765,650912,224.1578947368421
766,650922,284.3333333333333
767,650932,223.7017543859649
768,650951,13.912280701754385
769,650963,2.1228070175438596
770,650972,8.157894736842104
771,650991,0.0
772,651001,0.0
773,651011,0.0
774,651021,0.0
775,651031,94.12280701754386
776,651052,0.0
777,651062,2.807017543859649
778,651084,48.228070175438596
779,651092,43.35087719298246
780,651112,24.859649122807017
781,651122,43.54385964912281
782,651131,4.631578947368421
783,651133,0.0
784,651141,3.1052631578947367
785,651142,5.052631578947368
786,651143,0.0
787,651152,7.754385964912281
788,651153,0.0
789,651162,6.350877192982456
790,651163,0.0
791,651173,12.0
792,651182,5.543859649122807
793,651202,64.9298245614035
794,651211,2.824561403508772
795,651212,6.859649122807017
796,651221,5.175438596491228
797,651222,6.368421052631579
798,651231,7.701754385964913
799,651232,6.859649122807017
800,651242,81.50877192982456
801,651252,6.368421052631579
802,651262,6.368421052631579
803,651272,85.2280701754386
804,651282,22.50877192982456
805,651292,25.140350877192983
806,651302,25.45614035087719
807,651312,658.8421052631579
808,651322,15.719298245614034
809,651332,20.859649122807017
810,651342,25.228070175438596
811,651352,0.2631578947368421
812,651362,2.543859649122807
813,651381,0.6140350877192983
814,651391,2.4210526315789473
815,651411,1.4736842105263157
816,651421,1.1578947368421053
817,651431,2.1228070175438596
818,651441,1.7543859649122806
819,651451,2.5964912280701755
820,651461,2.6491228070175437
821,651471,4.649122807017544
822,651481,3.754385964912281
823,651491,2.8421052631578947
824,651501,0.3684210526315789
825,651511,0.5789473684210527
826,651521,12.526315789473685
827,651531,3.719298245614035
828,651532,10.859649122807017
829,651551,5.0701754385964914
830,651571,2.192982456140351
831,651581,9.596491228070175
832,651591,4.473684210526316
833,651621,3.175438596491228
834,651691,12.666666666666666
835,651711,3.526315789473684
836,651721,5.719298245614035
837,651741,8.526315789473685
838,651771,9.035087719298245
839,651781,2.473684210526316
840,651791,12.736842105263158
841,651801,1.7543859649122806
842,651802,61.421052631578945
843,651811,11.894736842105264
844,651831,3.3157894736842106
845,651841,3.3508771929824563
846,651861,0.5789473684210527
847,651871,4.56140350877193
848,651901,1.5964912280701755
849,651911,1.543859649122807
850,651921,1.719298245614035
851,651971,0.2807017543859649
852,651991,0.543859649122807
853,652022,0.3508771929824561
854,652032,0.40350877192982454
855,652042,2.0350877192982457
856,660011,3.456140350877193
857,660021,2.912280701754386
858,660041,0.0
859,660051,0.0
860,670011,17.24561403508772
861,670012,39.29824561403509
862,670021,15.24561403508772
863,670022,39.12280701754386
864,670031,15.31578947368421
865,670032,18.12280701754386
866,670041,11.403508771929825
867,670042,39.96491228070175
868,670052,48.43859649122807
869,680015,85.52631578947368
870,680025,27.140350877192983
871,680045,0.0
872,681021,3672.9473684210525
873,681031,4668.456140350877
874,681035,0.0
875,681224,0.0
876,681234,0.0
877,682011,1096.7894736842106
878,682021,1104.3859649122808
879,682031,1134.280701754386
880,682032,0.0
881,682041,1105.5964912280701
882,682045,0.0
883,682214,0.0
884,682224,0.0
885,682234,0.0
886,682244,0.0
887,691001,0.0
888,691005,820.5087719298245
889,691011,247.59649122807016
890,691015,10.771929824561404
891,691021,1064.4561403508771
892,691025,67.82456140350877
893,691031,1511.1754385964912
894,691041,1228.2105263157894
895,691051,1106.438596491228
896,691061,316.42105263157896
897,692041,3045.9298245614036
898,692051,9947.964912280702
899,692061,3929.8947368421054
900,692065,0.0
901,71,7479.263157894737
902,710011,104.24561403508773
903,710021,31.92982456140351
904,710031,2.526315789473684
905,710041,9.982456140350877
906,710061,31.31578947368421
907,710071,33.10526315789474
908,710081,9.666666666666666
909,710091,34.54385964912281
910,710101,0.0
911,710111,16.105263157894736
912,710121,16.035087719298247
913,710122,16.105263157894736
914,710131,14.631578947368421
915,710141,16.473684210526315
916,710151,1.0
917,720011,4.508771929824562
918,720021,21.736842105263158
919,720031,25.07017543859649
920,720041,114.89473684210526
921,720051,13.491228070175438
922,720061,0.0
923,720071,7.333333333333333
924,720081,0.0
925,720091,26.94736842105263
926,720111,15.789473684210526
927,720121,48.49122807017544
928,720131,4.105263157894737
929,720152,8.333333333333334
930,730011,5.017543859649122
931,730021,92.75438596491227
932,730031,0.0
933,730041,59.0
934,730051,0.0
935,730061,10.842105263157896
936,730071,298.280701754386
937,730081,4.771929824561403
938,730091,13.894736842105264
939,730101,16.771929824561404
940,730111,67.08771929824562
941,730121,31.719298245614034
942,730131,36.719298245614034
943,730141,48.50877192982456
944,730151,3.4035087719298245
945,730161,3.6315789473684212
946,730191,125.12280701754386
947,730201,13.859649122807017
948,730211,33.08771929824562
949,730221,3.7017543859649122
950,730231,21.12280701754386
951,730241,214.21052631578948
952,730251,103.66666666666667
953,730261,146.56140350877192
954,730271,6.912280701754386
955,730281,9.385964912280702
956,730291,47.333333333333336
957,730301,69.12280701754386
958,730321,4.508771929824562
959,730331,2.0350877192982457
960,730341,8.894736842105264
961,730351,5.12280701754386
962,730361,5.368421052631579
963,730365,117.42105263157895
964,730371,5.280701754385965
965,730372,81.19298245614036
966,730382,17.87719298245614
967,740011,7907.456140350877
968,740021,5870.140350877193
969,740031,379.64912280701753
970,740041,292.6140350877193
971,740051,1238.1929824561403
972,740061,0.0
973,740071,215.87719298245614
974,740081,0.0
975,740091,5465.017543859649
976,740101,0.0
977,740106,4175.7192982456145
978,740111,51.333333333333336
979,740116,6490.684210526316
980,740126,1125.280701754386
981,740136,406.70175438596493
982,740146,305.0175438596491
983,740156,875.8771929824561
984,740166,124.14035087719299
985,740176,1025.0877192982457
986,740186,388.29824561403507
987,740196,791.8771929824561
988,740206,488.87719298245617
989,740222,60.719298245614034
990,740232,0.0
991,740251,5404.6140350877195
992,740261,3450.2280701754385
993,740276,1105.7368421052631
994,740282,51.24561403508772
995,740292,0.0
996,740302,492.4561403508772
997,740312,0.0
998,740332,1273.5964912280701
999,740342,214.98245614035088
1000,740352,0.0
1001,740362,0.0
1002,740371,565.5964912280701
1003,740376,186.73684210526315
1004,740382,531.3508771929825
1005,740392,23.157894736842106
1006,740402,106.05263157894737
1007,750011,2081.280701754386
1008,750021,442.2631578947368
1009,750031,2031.5964912280701
1010,750041,0.0
1011,750051,0.0
1012,750061,264.7543859649123
1013,750071,120.42105263157895
1014,750081,100.71929824561404
1015,750091,225.0
1016,750101,251.43859649122808
1017,750111,0.0
1018,750172,272.8421052631579
1019,750192,180.71929824561403
1020,750202,228.0701754385965
1021,750212,0.0
1022,750232,1337.4736842105262
1023,750252,0.0
1024,750262,648.6491228070175
1025,750272,0.0
1026,750282,0.0
1027,750292,2.807017543859649
1028,750302,280.0
1029,750322,0.0
1030,750332,100.70175438596492
1031,750352,74.15789473684211
1032,750362,55.0
1033,790011,23.350877192982455
1034,790021,49.14035087719298
1035,790031,42.40350877192982
1036,790041,16.57894736842105
1037,790051,30.43859649122807
1038,790061,19.789473684210527
1039,790071,12.666666666666666
1040,790081,12.035087719298245
1041,790091,15.228070175438596
1042,790101,10.421052631578947
1043,790111,13.263157894736842
1044,790121,13.31578947368421
1045,790131,194.8421052631579
1046,790141,146.64912280701753
1047,790151,11.789473684210526
1048,790161,12.385964912280702
1049,790191,98.64912280701755
1050,790201,34.1578947368421
1051,790211,46.666666666666664
1052,790221,156.91228070175438
1053,790231,13.280701754385966
1054,790241,74.85964912280701
1055,790251,23.596491228070175
1056,790261,62.14035087719298
1057,790271,52.35087719298246
1058,790281,34.78947368421053
1059,790291,0.0
1060,790301,0.0
1061,790311,35.98245614035088
1062,790321,13.894736842105264
1063,790331,57.35087719298246
1064,790341,14.491228070175438
1065,790351,20.859649122807017
1066,790361,139.5438596491228
1067,790371,78.94736842105263
1068,790381,10.368421052631579
1069,790391,20.87719298245614
1070,790401,723.4736842105264
1071,790411,464.05263157894734
1072,790421,1024.9649122807018
1073,790431,941.6315789473684
1074,790441,214.19298245614036
1075,790451,555.4561403508771
1076,790461,256.9298245614035
1077,790471,162.2280701754386
1078,790481,235.7719298245614
1079,790491,41.63157894736842
1080,790501,38.421052631578945
1081,790511,440.29824561403507
1082,790521,41.578947368421055
1083,790531,20.403508771929825
1084,790541,10.350877192982455
1085,790551,10.017543859649123
1086,790561,26.24561403508772
1087,790571,11.631578947368421
1088,790581,92.7719298245614
1089,790591,44.719298245614034
1090,790601,49.01754385964912
1091,790611,17.403508771929825
1092,790621,21.964912280701753
1093,790631,16.87719298245614
1094,790641,0.0
1095,790651,17.70175438596491
1096,790671,20.17543859649123
1097,790681,0.0
1098,790701,0.0
1099,790801,0.0
1100,790811,0.0
1101,790821,0.0
1102,790871,17.45614035087719
1103,790881,28.0
1104,790892,27.12280701754386
1105,790902,139.50877192982455
1106,790912,16.526315789473685
1107,790922,23.82456140350877
1108,790932,16.12280701754386
1109,790942,22.736842105263158
1110,790951,7.2105263157894735
1111,790961,12.017543859649123
1112,790971,7.87719298245614
1113,790981,13.859649122807017
1114,790991,4.543859649122807
1115,791011,14.350877192982455
1116,791021,19.333333333333332
1117,791031,13.070175438596491
1118,791041,2.6842105263157894
1119,791061,7.140350877192983
1120,791071,7.192982456140351
1121,791081,6.333333333333333
1122,791091,5.894736842105263
1123,791101,21.666666666666668
1124,791111,6.43859649122807
1125,791121,18.385964912280702
1126,791141,11.263157894736842
1127,791151,4.543859649122807
1128,791161,6.456140350877193
1129,791171,8.719298245614034
1130,791181,4.245614035087719
1131,791191,18.771929824561404
1132,791201,2.7719298245614037
1133,791221,16.68421052631579
1134,791231,4.771929824561403
1135,791241,10.140350877192983
1136,791251,3.0350877192982457
1137,791271,3.0350877192982457
1138,791281,11.350877192982455
1139,791301,2.982456140350877
1140,791311,8.017543859649123
1141,791331,7.807017543859649
1142,791361,9.105263157894736
1143,791371,9.894736842105264
1144,791381,5.87719298245614
1145,791391,2.210526315789474
1146,791411,19.57894736842105
1147,791421,11.24561403508772
1148,791431,2.3333333333333335
1149,791441,24.07017543859649
1150,791451,2.263157894736842
1151,791471,11.087719298245615
1152,791481,10.31578947368421
1153,791491,9.210526315789474
1154,791501,11.280701754385966
1155,791531,6.105263157894737
1156,791551,4.859649122807017
1157,791561,7.754385964912281
1158,791571,6.982456140350878
1159,791581,2.3333333333333335
1160,791591,6.87719298245614
1161,791611,1.9649122807017543
1162,791621,21.70175438596491
1163,791631,2.3333333333333335
1164,791641,1.9649122807017543
1165,791651,4.87719298245614
1166,791661,21.49122807017544
1167,791701,17.45614035087719
1168,791711,4.0
1169,791721,1.6666666666666667
1170,791741,3.8421052631578947
1171,791751,2.1403508771929824
1172,791771,22.842105263157894
1173,791791,13.964912280701755
1174,791801,41.43859649122807
1175,791811,24.31578947368421
1176,791821,77.59649122807018
1177,791831,29.31578947368421
1178,791841,75.96491228070175
1179,791851,7.087719298245614
1180,791861,40.12280701754386
1181,791882,20.57894736842105
1182,791901,7.964912280701754
1183,791911,8.052631578947368
1184,791921,6.684210526315789
1185,791931,0.7368421052631579
1186,791941,7.754385964912281
1187,791951,28.63157894736842
1188,791961,16.57894736842105
1189,791971,25.157894736842106
1190,791981,71.45614035087719
1191,791991,3.0701754385964914
1192,792001,19.982456140350877
1193,792021,13.473684210526315
1194,792151,1.7543859649122806
1195,792161,1.9649122807017543
1196,792261,2.0350877192982457
1197,800011,508.6666666666667
1198,800021,956.2280701754386
1199,800031,371.9122807017544
1200,800041,373.7543859649123
1201,800051,194.05263157894737
1202,800061,443.42105263157896
1203,800071,609.0877192982456
1204,800081,800.7543859649123
1205,800092,34.68421052631579
1206,800102,19.736842105263158
1207,80011,84.82456140350877
1208,800112,499.43859649122805
1209,80012,25.50877192982456
1210,800122,721.8771929824561
1211,80013,78.98245614035088
1212,800132,63.19298245614035
1213,800142,194.59649122807016
1214,800152,20.789473684210527
1215,80021,100.3157894736842
1216,80022,1334.5964912280701
1217,80023,7.701754385964913
1218,80031,249.89473684210526
1219,80033,10.894736842105264
1220,80041,184.73684210526315
1221,80043,129.56140350877192
1222,800431,113.24561403508773
1223,800441,105.15789473684211
1224,800451,6.315789473684211
1225,800452,2.6315789473684212
1226,800461,62.10526315789474
1227,800462,24.75438596491228
1228,800471,9.87719298245614
1229,800481,9.929824561403509
1230,800491,50.94736842105263
1231,800501,31.54385964912281
1232,80051,253.859649122807
1233,800511,54.63157894736842
1234,800521,10.578947368421053
1235,80053,18.789473684210527
1236,800531,34.94736842105263
1237,80061,159.35087719298247
1238,80063,102.19298245614036
1239,80073,69.59649122807018
1240,80081,416.35087719298247
1241,80082,12.350877192982455
1242,80083,84.19298245614036
1243,80091,13.929824561403509
1244,80093,41.228070175438596
1245,80101,30.94736842105263
1246,80102,1.6842105263157894
1247,80103,113.19298245614036
1248,80111,879.2631578947369
1249,80112,8.0
1250,80113,59.59649122807018
1251,80121,385.4035087719298
1252,80131,125.78947368421052
1253,80151,779.7719298245614
1254,80161,290.87719298245617
1255,80162,60.280701754385966
1256,80171,0.0
1257,80172,8.701754385964913
1258,80211,148.87719298245614
1259,80221,218.31578947368422
1260,80231,13.508771929824562
1261,80241,167.80701754385964
1262,80251,54.24561403508772
1263,80261,398.36842105263156
1264,80271,154.31578947368422
1265,80281,996.9473684210526
1266,80291,230.52631578947367
1267,80301,57.68421052631579
1268,80321,6.087719298245614
1269,80331,288.9824561403509
1270,80341,7.2105263157894735
1271,80351,340.56140350877195
1272,80361,8.157894736842104
1273,80371,98.3859649122807
1274,80381,32.43859649122807
1275,80391,38.03508771929825
1276,80401,77.82456140350877
1277,80411,62.24561403508772
1278,80421,456.29824561403507
1279,80441,92.43859649122807
1280,80451,0.0
1281,80461,490.0877192982456
1282,80481,520.859649122807
1283,80491,1169.719298245614
1284,80501,606.1052631578947
1285,80511,349.82456140350877
1286,80521,393.35087719298247
1287,80531,51.94736842105263
1288,80551,206.40350877192984
1289,80581,665.859649122807
1290,80611,0.0
1291,80852,14154.263157894737
1292,80922,656.5964912280701
1293,80972,361.9298245614035
1294,80992,0.0
1295,810011,41.29824561403509
1296,810021,88.49122807017544
1297,810031,593.4912280701755
1298,810041,473.6140350877193
1299,810051,193.64912280701753
1300,810061,76.26315789473684
1301,810071,1028.6842105263158
1302,810081,2.1228070175438596
1303,810091,106.01754385964912
1304,810101,209.66666666666666
1305,810111,67.6140350877193
1306,81012,1096.4561403508771
1307,810121,18.43859649122807
1308,810131,8.719298245614034
1309,810141,39.421052631578945
1310,810151,19.19298245614035
1311,810161,35.56140350877193
1312,810171,17.614035087719298
1313,810181,29.36842105263158
1314,810191,34.26315789473684
1315,810201,35.96491228070175
1316,810211,118.05263157894737
1317,810221,196.64912280701753
1318,810231,9.140350877192983
1319,810232,9.508771929824562
1320,810241,11.614035087719298
1321,810242,18.789473684210527
1322,810251,12.491228070175438
1323,810261,11.824561403508772
1324,810262,22.105263157894736
1325,810271,18.68421052631579
1326,810281,10.824561403508772
1327,810291,62.228070175438596
1328,810301,15.666666666666666
1329,810311,40.19298245614035
1330,810321,3.4210526315789473
1331,810351,16.473684210526315
1332,81042,1329.6842105263158
1333,81082,3586.7017543859647
1334,81102,22.42105263157895
1335,81132,0.0
1336,81142,1386.6491228070176
1337,81152,0.0
1338,81172,0.0
1339,81212,0.0
1340,81222,2608.684210526316
1341,81262,19.385964912280702
1342,81292,122.42105263157895
1343,81302,6430.684210526316
1344,81322,0.0
1345,81332,0.0
1346,81342,1061.0701754385964
1347,81362,92.71929824561404
1348,81392,44.473684210526315
1349,81422,1196.2631578947369
1350,81432,0.0
1351,81452,119.70175438596492
1352,81542,18.56140350877193
1353,81552,0.0
1354,81582,511.2280701754386
1355,81583,108.3859649122807
1356,81592,39.473684210526315
1357,81593,316.280701754386
1358,81612,157.59649122807016
1359,81632,251.40350877192984
1360,81633,1378.6140350877192
1361,81642,3.8771929824561404
1362,81643,234.68421052631578
1363,81653,156.47368421052633
1364,81673,3529.842105263158
1365,81704,55.78947368421053
1366,81714,186.43859649122808
1367,81724,862.4912280701755
1368,81734,0.0
1369,81754,284.82456140350877
1370,81764,99.6842105263158
1371,81784,1458.6666666666667
1372,81835,0.0
1373,81845,0.0
1374,81871,150.26315789473685
1375,81881,146.68421052631578
1376,81891,1.6666666666666667
1377,81901,160.35087719298247
1378,81911,1014.4035087719299
1379,81921,93.42105263157895
1380,81931,548.3508771929825
1381,81941,223.24561403508773
1382,81943,820.6315789473684
1383,81953,340.6842105263158
1384,81963,589.7719298245614
1385,81973,748.0
1386,81983,874.1052631578947
1387,81993,5.12280701754386
1388,82001,14.070175438596491
1389,820011,13.228070175438596
1390,820021,13.982456140350877
1391,82003,11.24561403508772
1392,820031,10.491228070175438
1393,820041,8.385964912280702
1394,820051,38.87719298245614
1395,820061,8.052631578947368
1396,820071,14.31578947368421
1397,820081,10.333333333333334
1398,820091,7.280701754385965
1399,820102,37.719298245614034
1400,82011,35.56140350877193
1401,820112,0.0
1402,82013,137.10526315789474
1403,82021,8.964912280701755
1404,82023,17.63157894736842
1405,82031,56.85964912280702
1406,82033,43.771929824561404
1407,82041,15.719298245614034
1408,82043,77.63157894736842
1409,82053,11.912280701754385
1410,82061,15.526315789473685
1411,82071,12.929824561403509
1412,82081,4.2105263157894735
1413,82091,18.92982456140351
1414,82101,28.596491228070175
1415,82111,23.842105263157894
1416,82121,55.91228070175438
1417,82131,16.19298245614035
1418,82141,26.719298245614034
1419,82151,73.01754385964912
1420,82161,23.596491228070175
1421,82171,22.035087719298247
1422,82181,20.105263157894736
1423,82191,7.087719298245614
1424,82201,13.140350877192983
1425,82211,13.105263157894736
1426,82221,1115.0526315789473
1427,82231,283.2631578947368
1428,82241,954.9649122807018
1429,82251,771.8771929824561
1430,82291,240.6315789473684
1431,83,345.2456140350877
1432,83001,18.45614035087719
1433,83041,25.982456140350877
1434,83051,11.070175438596491
1435,83071,42.92982456140351
1436,83082,0.0
1437,83091,6.140350877192983
1438,83111,21.017543859649123
1439,83141,18.56140350877193
1440,83152,1.2456140350877194
1441,83161,0.0
1442,83351,0.0
1443,83491,34.63157894736842
1444,83501,46.21052631578947
1445,83541,0.0
1446,83551,4.350877192982456
1447,83561,0.0
1448,83601,0.0
1449,83661,54.94736842105263
1450,83671,0.0
1451,83681,12.666666666666666
1452,83701,1.5087719298245614
1453,83711,6.526315789473684
1454,83721,2.3157894736842106
1455,83751,14.666666666666666
1456,83831,2.473684210526316
1457,83901,10.175438596491228
1458,83911,118.6140350877193
1459,83921,35.07017543859649
1460,83931,1.5263157894736843
1461,83961,34.49122807017544
1462,83971,19.157894736842106
1463,83972,283.2631578947368
1464,83981,36.43859649122807
1465,83982,0.0
1466,84001,40.87719298245614
1467,84161,3.7719298245614037
1468,84342,14.982456140350877
1469,84361,0.0
1470,84371,0.3508771929824561
1471,84602,17.92982456140351
1472,84612,183.6315789473684
1473,84622,0.0
1474,84842,2383.964912280702
1475,84851,0.0
1476,84862,641.4561403508771
1477,84872,95.26315789473684
1478,84903,0.0
1479,84913,0.0
1480,84931,216.75438596491227
1481,84943,1218.6842105263158
1482,84983,126.9298245614035
1483,850001,14.087719298245615
1484,85001,35.24561403508772
1485,850021,8.894736842105264
1486,850031,3.789473684210526
1487,850041,3.6491228070175437
1488,850051,3.9649122807017543
1489,850061,13.473684210526315
1490,850071,18.12280701754386
1491,850081,6.087719298245614
1492,850091,5.0
1493,850101,22.75438596491228
1494,850111,5.508771929824562
1495,850121,6.614035087719298
1496,850131,3.754385964912281
1497,850141,8.666666666666666
1498,850191,18.94736842105263
1499,850222,19.087719298245613
1500,850232,16.157894736842106
1501,85031,4.508771929824562
1502,85041,41.1578947368421
1503,85051,12.894736842105264
1504,85052,0.0
1505,85061,15.526315789473685
1506,85063,286.8421052631579
1507,85071,17.82456140350877
1508,85073,0.0
1509,85081,0.0
1510,85083,0.0
1511,85093,0.0
1512,85101,9.263157894736842
1513,85121,0.0
1514,85132,326.96491228070175
1515,85142,0.0
1516,85152,18.70175438596491
1517,85161,0.0
1518,85181,7.43859649122807
1519,85191,177.6315789473684
1520,85201,254.91228070175438
1521,85211,399.4035087719298
1522,85221,426.96491228070175
1523,85491,26.263157894736842
1524,85501,14.24561403508772
1525,85502,0.0
1526,85511,0.0
1527,85521,8.929824561403509
1528,85531,15.421052631578947
1529,85541,12.421052631578947
1530,85545,0.0
1531,85551,23.771929824561404
1532,85552,0.0
1533,85561,23.263157894736842
1534,85562,0.0
1535,85571,2.7719298245614037
1536,85581,16.210526315789473
1537,85582,0.0
1538,85591,24.57894736842105
1539,85592,0.0
1540,85602,0.0
1541,85612,0.0
1542,85622,0.0
1543,85631,130.35087719298247
1544,85632,0.0
1545,85633,68.47368421052632
1546,85641,0.0
1547,85642,1289.7543859649122
1548,85651,0.0
1549,85662,1516.3859649122808
1550,85671,94.85964912280701
1551,85672,288.57894736842104
1552,85682,5.614035087719298
1553,85691,81.91228070175438
1554,85692,5.614035087719298
1555,85701,27.157894736842106
1556,85702,117.87719298245614
1557,85711,50.87719298245614
1558,85712,63.85964912280702
1559,85713,40.54385964912281
1560,85714,1132.561403508772
1561,85715,961.6842105263158
1562,85717,13.385964912280702
1563,85718,872.9298245614035
1564,85723,139.47368421052633
1565,85728,1078.7368421052631
1566,85733,17.94736842105263
1567,85738,0.0
1568,85741,648.8070175438596
1569,85751,22.82456140350877
1570,860001,8.508771929824562
1571,860011,22.24561403508772
1572,860021,3.526315789473684
1573,860031,5.912280701754386
1574,860041,3.912280701754386
1575,860051,10.526315789473685
1576,860081,3.8771929824561404
1577,860132,2.8947368421052633
1578,870021,22.54385964912281
1579,870031,25.210526315789473
1580,870041,21.80701754385965
1581,870051,12.385964912280702
1582,870061,22.0
1583,870071,14.298245614035087
1584,870081,25.82456140350877
1585,870091,26.912280701754387
1586,870101,5.017543859649122
1587,870111,5.245614035087719
1588,870201,5.491228070175438
1589,870221,3.754385964912281
1590,870231,3.736842105263158
1591,870251,3.719298245614035
1592,870271,5.2631578947368425
1593,870281,3.8771929824561404
1594,870291,15.263157894736842
1595,870301,3.6491228070175437
1596,870331,5.526315789473684
1597,870351,4.87719298245614
1598,870361,5.140350877192983
1599,870371,5.684210526315789
1600,870391,5.7894736842105265
1601,870401,55.824561403508774
1602,870411,42.63157894736842
1603,870421,28.42105263157895
1604,870441,9.964912280701755
1605,870451,7.350877192982456
1606,870481,3.8947368421052633
1607,870491,5.157894736842105
1608,870501,11.421052631578947
1609,870511,9.017543859649123
1610,870516,1.7543859649122806
1611,870521,13.56140350877193
1612,870536,1.894736842105263
1613,870542,2.1052631578947367
1614,870546,1.7543859649122806
1615,870552,3.2280701754385963
1616,870556,1.7543859649122806
1617,870566,1.7543859649122806
1618,870586,1.7543859649122806
1619,880001,15.280701754385966
1620,880011,17.82456140350877
1621,880021,82.3859649122807
1622,880031,82.26315789473684
1623,880041,80.10526315789474
1624,880051,87.7719298245614
1625,880081,15.333333333333334
1626,880091,27.017543859649123
1627,880152,0.0
1628,880162,0.0
1629,880172,0.0
1630,880182,0.0
1631,880191,22.649122807017545
1632,880201,49.14035087719298
1633,900011,44.54385964912281
1634,900021,52.175438596491226
1635,900031,16.842105263157894
1636,900041,44.07017543859649
1637,900051,18.789473684210527
1638,900061,23.859649122807017
1639,900071,48.1578947368421
1640,900081,14.070175438596491
1641,900091,53.19298245614035
1642,900101,27.403508771929825
1643,900111,12.964912280701755
1644,900121,11.035087719298245
1645,900131,13.263157894736842
1646,900141,23.912280701754387
1647,900151,122.36842105263158
1648,900161,23.210526315789473
1649,900171,17.80701754385965
1650,900181,12.56140350877193
1651,900202,32.45614035087719
1652,900242,27.140350877192983
1653,900251,41.75438596491228
1654,900282,1.7017543859649122
1655,900292,91.3157894736842
1656,900311,6.754385964912281
1657,90611,0.0
1658,90631,0.0
1659,90641,0.0
1660,90681,0.0
1661,90691,0.0
1662,90711,0.0
1663,90791,0.0
1664,90811,0.0
1665,90841,0.0
1666,91693,0.0
1667,91804,0.0
1668,93,193.31578947368422
1669,993801,1094.5964912280701
1670,993802,0.0
1671,993803,100.94736842105263
1672,993821,0.0
1673,M11005,187.24561403508773
1674,ML0002,469.96491228070175
1675,MTB001,0.0
1676,MWT001,0.0
